attribute,sequences,SR_AUC_reference,SR_AUC_method,SR_AUC_delta,PR_at_20_reference,PR_at_20_method,PR_at_20_delta,NPR_AUC_reference,NPR_AUC_method,NPR_AUC_delta,NP_at_020_reference,NP_at_020_method,NP_at_020_delta
CM,136,0.567516220460273,0.5622083810187617,-0.005307839441511253,0.7195897937085174,0.7073395597164761,-0.012250233992041282,0.6248528657497039,0.6193564771683494,-0.005496388581354483,0.6835963725795763,0.6771727156844897,-0.006423656895086616
ROT,28,0.537989588709149,0.546381143902852,0.008391555193702938,0.6525678256597891,0.6601542582028875,0.007586432543098431,0.5864275925576473,0.5960170202926058,0.009589427734958522,0.619299022611864,0.6282233896888253,0.008924367076961315
DEF,8,0.3735800086602297,0.38281917387945147,0.009239165219221745,0.4789001211384786,0.4893858072864185,0.010485686147939932,0.4096705355412849,0.42051552463062,0.010844989089335066,0.4311380656304368,0.44115043332064624,0.010012367690209467
FOC,73,0.4501468133177938,0.43480934579334934,-0.015337467524444481,0.5996098399261444,0.5755894289410124,-0.024020410985131968,0.48786638329410975,0.47075841323407136,-0.01710797006003839,0.5381096771317108,0.5188230550162617,-0.01928662211544907
LI,75,0.5863699063466227,0.5733656769674417,-0.013004229379180998,0.7502426178010502,0.7254646344095829,-0.024777983391467306,0.6408732948277632,0.6264030768462099,-0.014470217981553346,0.7036338130218346,0.6867817348281509,-0.01685207819368373
OV,64,0.4297325473477741,0.4295218586003771,-0.00021068874739699206,0.5545147825580571,0.5457507591628956,-0.008764023395161469,0.4797751964310004,0.47880577698133225,-0.000969419449668163,0.5210018623285075,0.5193382309545267,-0.001663631373980845
POC,114,0.5147372028393209,0.5022235381032317,-0.01251366473608917,0.6782051270554313,0.6570380663521496,-0.02116706070328178,0.5598164384172682,0.546237530863215,-0.013578907554053221,0.610516872332573,0.5950584265139676,-0.015458445818605449
VC,57,0.6239183947469312,0.6148707609475683,-0.009047633799362909,0.7743801407877303,0.7587880506704674,-0.015592090117262924,0.6870939279437227,0.6764176920502394,-0.010676235893483321,0.7397618180238823,0.7273626030456384,-0.012399214978243922
SV,131,0.5855249162717194,0.5831990647533493,-0.00232585151837017,0.743806525485534,0.7368008661532066,-0.007005659332327441,0.6473591284348387,0.6445746355962515,-0.0027844928385871714,0.7007968366199399,0.6977957762820998,-0.003001060337840089
BC,211,0.5766737092921655,0.5680095228357266,-0.00866418645643896,0.7355347089357583,0.7203505205225187,-0.015184188413239652,0.6299669332177085,0.6208246412619056,-0.00914229195580285,0.6897265577213975,0.6793368651300323,-0.01038969259136513
MB,33,0.5118838853963351,0.5108685100810606,-0.0010153753152745137,0.641750010178744,0.6352512913413765,-0.006498718837367523,0.5700776448943906,0.5695152616146362,-0.0005623832797544415,0.6091077505967716,0.6079919593781719,-0.0011157912185997265
ARC,70,0.5754618922494502,0.5671802610325125,-0.008281631216937702,0.7255205208517983,0.7125621954757002,-0.01295832537609809,0.6421763945963647,0.6330310172815594,-0.009145377314805248,0.6947883984960114,0.6842787466739562,-0.01050965182205521
FM,90,0.592822625444681,0.591445447676612,-0.0013771777680690045,0.7513273288371282,0.7429976538395092,-0.008329674997618941,0.654779549955615,0.6527521840365837,-0.0020273659190312987,0.7071806572816909,0.7041852876277743,-0.0029953696539165575
NMO,33,0.6021431913226726,0.6077687585843057,0.005625567261633102,0.7233587750898982,0.7310096445372536,0.0076508694473553795,0.6425361485581013,0.6493487960931873,0.006812647535086036,0.70289084593782,0.7094271687610022,0.006536322823182172
IV,63,0.6095263475593263,0.5927675369646759,-0.016758810594650453,0.7687950375012657,0.7462219561867606,-0.022573081314505083,0.668839823185097,0.6500644829516627,-0.0187753402334343,0.7303429771631763,0.7070978767898941,-0.0232451003732822
OE,38,0.5749117997001375,0.5582683049777901,-0.016643494722347385,0.7654257654984441,0.7396465508856493,-0.025779214612794754,0.6588660653134786,0.6402466887554977,-0.01861937655798085,0.7212332895087163,0.6988740856486063,-0.022359203860110033
BOM,239,0.5662974642460938,0.5573541055517548,-0.008943358694339043,0.7292222575486288,0.7133476347232365,-0.015874622825392315,0.6262025645423905,0.6167042071932609,-0.009498357349129627,0.6838800745940598,0.6725702545554119,-0.011309820038647889
