sequence,frames,SR_AUC_reference,SR_AUC_method,SR_AUC_delta,PR_at_20_reference,PR_at_20_method,PR_at_20_delta,NPR_AUC_reference,NPR_AUC_method,NPR_AUC_delta,NP_at_020_reference,NP_at_020_method,NP_at_020_delta
dvSave-2021_02_14_16_45_13_car1,95,0.8350877192982457,0.8305764411027567,-0.00451127819548891,1.0,1.0,0.0,0.932920536635707,0.9236326109391125,-0.009287925696594423,1.0,1.0,0.0
dvSave-2021_02_15_10_24_03_basketball,1295,0.16525096525096525,0.18918918918918923,0.02393822393822398,0.1498069498069498,0.1861003861003861,0.03629343629343629,0.11381633734574911,0.13942009236126882,0.025603755015519702,0.13127413127413126,0.15907335907335907,0.027799227799227805
dvSave-2021_02_14_17_00_48,962,0.6893871893871895,0.6938916938916939,0.0045045045045044585,0.9376299376299376,0.9407484407484408,0.0031185031185031464,0.7469324528148058,0.7504789857731036,0.0035465329582977656,0.7941787941787942,0.8004158004158004,0.006237006237006182
video_0004,1401,0.651167533394514,0.6496380136637097,-0.0015295197308043962,0.7501784439685939,0.7501784439685939,0.0,0.6977089193993086,0.6964913017312564,-0.0012176176680521733,0.7487508922198429,0.7494646680942184,0.0007137758743754885
dvSave-2021_02_15_13_24_03_girlhead,205,0.8058072009291519,0.7986062717770034,-0.007200929152148539,1.0,0.9951219512195122,-0.004878048780487809,0.8751793400286944,0.8605451936872309,-0.014634146341463428,0.9902439024390244,0.9902439024390244,0.0
video_0045,219,0.16199173733420308,0.1617742987606001,-0.0002174385736029849,0.2009132420091324,0.2009132420091324,0.0,0.18282746888709822,0.18220073417494853,-0.0006267347121496902,0.2009132420091324,0.2009132420091324,0.0
dvSave-2021_02_15_13_24_49_girlhead,397,0.41069929231138297,0.36535924193354924,-0.04534005037783373,0.4357682619647355,0.35768261964735515,-0.07808564231738035,0.35081740504766135,0.29293228626463175,-0.0578851187830296,0.40302267002518893,0.34005037783375314,-0.0629722921914358
video_0054,1262,0.08327673383140895,0.09093653309184213,0.007659799260433184,0.13708399366085577,0.14817749603803487,0.011093502377179099,0.07776327646748081,0.0873030670271278,0.009539790559646988,0.089540412044374,0.09904912836767037,0.009508716323296362
dvSave-2021_02_06_09_10_52_car2,48,0.6607142857142858,0.6597222222222222,-0.0009920634920635996,1.0,1.0,0.0,0.9240196078431373,0.9268790849673203,0.0028594771241829964,1.0,1.0,0.0
dvSave-2021_02_14_16_43_23_car4,113,0.8289085545722712,0.8284871470712177,-0.00042140750105346125,1.0,1.0,0.0,0.876973798368905,0.879576609404824,0.0026028110359189727,1.0,1.0,0.0
dvSave-2021_02_14_16_30_05_car1,153,0.6685340802987861,0.6688453159041394,0.0003112356053532883,1.0,1.0,0.0,0.6866589773164168,0.6856337306164295,-0.00102524669998727,0.7516339869281046,0.738562091503268,-0.013071895424836555
dvSave-2021_02_15_10_24_03_boyhead,1295,0.12494943923515352,0.12572164000735428,0.0007722007722007623,0.13976833976833977,0.1305019305019305,-0.009266409266409259,0.08073283367401014,0.08245892951775302,0.001726095843742878,0.0918918918918919,0.09498069498069497,0.003088803088803077
video_0060,1033,0.8393951966072004,0.8381966532982991,-0.0011985433089013453,0.9980638915779284,0.9980638915779284,0.0,0.9244727900840879,0.9246056602699162,0.00013287018582830434,0.9961277831558567,0.9980638915779284,0.0019361084220717029
00510_person_outdoor6,89,0.44355270197966834,0.44462279293739976,0.0010700909577314177,0.5056179775280899,0.5056179775280899,0.0,0.4569288389513109,0.4600132187706542,0.003084379819343286,0.4943820224719101,0.4943820224719101,0.0
tennis_long_002,902,0.47613768345475665,0.4752929996832436,-0.0008446837715130329,0.5676274944567627,0.5676274944567627,0.0,0.5059997391417763,0.503956349723925,-0.0020433894178513157,0.5665188470066519,0.5665188470066519,0.0
dvSave-2021_02_06_09_14_18_person5,266,0.6987110633727175,0.7150017901897602,0.01629072681704269,0.849624060150376,0.8533834586466166,0.003759398496240629,0.7207725195341294,0.7492260061919503,0.028453486657820992,0.7969924812030075,0.8383458646616542,0.0413533834586467
dvSave-2021_02_08_21_02_13_car3,150,0.8498412698412698,0.8473015873015874,-0.0025396825396823974,1.0,1.0,0.0,0.9116339869281046,0.9066666666666667,-0.004967320261437869,1.0,1.0,0.0
traffic_0040,200,0.3011904761904762,0.1157142857142857,-0.18547619047619046,0.37,0.14,-0.22999999999999998,0.32382352941176473,0.12372549019607842,-0.2000980392156863,0.365,0.135,-0.22999999999999998
dvSave-2021_02_14_16_45_13_car7,96,0.8650793650793651,0.8695436507936507,0.004464285714285587,1.0,1.0,0.0,0.9299428104575163,0.9307598039215687,0.0008169934640523957,1.0,1.0,0.0
dvSave-2021_02_12_13_38_26,2255,0.5588850174216028,0.5940872135994086,0.035202196177805845,0.6341463414634146,0.6767184035476719,0.042572062084257234,0.628581366027564,0.6627277074909788,0.034146341463414775,0.6811529933481153,0.706430155210643,0.02527716186252771
00455_UAV_outdoor6,89,0.7865168539325844,0.7881219903691814,0.0016051364365969878,1.0,1.0,0.0,0.9167217448777264,0.9162811191892487,-0.00044062568847769157,1.0,1.0,0.0
dvSave-2021_02_06_09_11_41_person4,107,0.7365376056964843,0.735202492211838,-0.001335113484646322,1.0,1.0,0.0,0.7769836906725307,0.7681876488913323,-0.008796041781198416,0.8411214953271028,0.8317757009345794,-0.009345794392523366
dvSave-2021_02_08_21_15_49_car1,21,0.8276643990929706,0.834467120181406,0.006802721088435382,1.0,1.0,0.0,0.8786181139122315,0.8935574229691876,0.014939309056956063,1.0,1.0,0.0
dvSave-2021_02_15_12_58_56_person,301,0.8199651953804777,0.8220218319886092,0.00205663660813149,0.9800664451827242,0.9800664451827242,0.0,0.8657416454954072,0.8693244739756365,0.003582828480229283,0.9767441860465116,0.9800664451827242,0.0033222591362126463
dvSave-2021_02_06_09_23_50_person1,332,0.2607573149741824,0.19922547332185883,-0.06153184165232359,0.3674698795180723,0.27710843373493976,-0.09036144578313254,0.2650602409638554,0.19643278998346325,-0.06862745098039214,0.30120481927710846,0.22289156626506024,-0.07831325301204822
00292_tennis_outdoor4,71,0.07712944332662641,0.07578806170355465,-0.0013413816230717635,0.11267605633802817,0.11267605633802817,0.0,0.07401270367301849,0.07594587130626897,0.0019331676332504794,0.07042253521126761,0.07042253521126761,0.0
video_0039,270,0.7619047619047619,0.7611992945326278,-0.000705467372134061,0.9962962962962963,0.9962962962962963,0.0,0.838489469862019,0.8410312273057372,0.0025417574437182067,0.9777777777777777,0.9777777777777777,0.0
tennis_long_005,1587,0.8111441173823026,0.8121042998169651,0.0009601824346624488,1.0,1.0,0.0,0.882056414248119,0.8828595080124046,0.0008030937642856673,0.9955891619407687,0.9955891619407687,0.0
dvSave-2021_02_14_16_46_34_car8,101,0.8340405469118343,0.8345120226308345,0.0004714757190001917,1.0,1.0,0.0,0.8978839060376625,0.8924480683362453,-0.005435837701417201,1.0,1.0,0.0
dvSave-2021_02_08_21_06_03_car3,117,0.3561253561253561,0.3561253561253561,0.0,0.8461538461538461,0.8461538461538461,0.0,0.35461706049941355,0.34489693313222736,-0.009720127367186193,0.4188034188034188,0.36752136752136755,-0.051282051282051266
dvSave-2021_02_14_16_34_11_car3,100,0.2971428571428571,0.2952380952380952,-0.001904761904761909,0.37,0.37,0.0,0.3480392156862746,0.34549019607843146,-0.0025490196078431504,0.37,0.37,0.0
dvSave-2021_02_14_16_31_07_whitecar1,125,0.1420952380952381,0.14323809523809525,0.00114285714285714,0.168,0.168,0.0,0.14650980392156865,0.14650980392156865,0.0,0.16,0.16,0.0
00466_UAV_outdoor6,89,0.8945960406634564,0.8972712680577848,0.00267522739432835,1.0,1.0,0.0,0.9407358448997577,0.9416170962767129,0.0008812513769551611,1.0,1.0,0.0
dvSave-2021_02_06_09_10_52_car1,138,0.7487922705314011,0.347135955831608,-0.40165631469979307,0.9855072463768116,0.47101449275362317,-0.5144927536231885,0.8513782324524013,0.41616936629724344,-0.43520886615515786,0.9202898550724637,0.427536231884058,-0.49275362318840576
00314_UAV_outdoor5,81,0.3715461493239271,0.3550852439741329,-0.01646090534979422,0.5061728395061729,0.48148148148148145,-0.024691358024691412,0.4560639070442993,0.4364560639070442,-0.019607843137255054,0.49382716049382713,0.4691358024691358,-0.024691358024691357
dvSave-2021_02_15_12_56_56_personHead,402,0.7942430703624733,0.7902155887230512,-0.004027481639422126,1.0,1.0,0.0,0.927860696517413,0.9250804799531753,-0.0027802165642376586,1.0,1.0,0.0
video_0005,694,0.4770138602991628,0.4870317002881843,0.010017839989021504,0.5994236311239193,0.5951008645533141,-0.004322766570605152,0.5461942702152908,0.5534271345425779,0.007232864327287092,0.5835734870317003,0.5878962536023055,0.004322766570605152
video_0041,206,0.16319926028663895,0.10679611650485439,-0.05640314378178456,0.2912621359223301,0.20388349514563106,-0.08737864077669902,0.2482391014658291,0.17989720159908618,-0.06834189986674291,0.2766990291262136,0.19902912621359223,-0.07766990291262135
dvSave-2021_02_06_09_09_44_person7,52,0.8021978021978022,0.8067765567765568,0.0045787545787545625,1.0,1.0,0.0,0.8759426847662141,0.8797134238310709,0.0037707390648568095,1.0,1.0,0.0
dvSave-2021_02_14_16_48_45_car8,76,0.8345864661654134,0.8352130325814537,0.0006265664160403084,0.9736842105263158,0.9736842105263158,0.0,0.8844169246646028,0.8895768833849328,0.005159958720330038,0.9736842105263158,0.9736842105263158,0.0
dvSave-2021_02_14_16_30_20_car2,173,0.6165703275529864,0.6396917148362234,0.023121387283237094,0.815028901734104,0.815028901734104,0.0,0.6540859118213759,0.6792474215119572,0.025161509690581285,0.7167630057803468,0.7456647398843931,0.028901734104046284
00141_tank_outdoor2,105,0.9024943310657596,0.9015873015873016,-0.0009070294784579991,1.0,1.0,0.0,0.9671335200746967,0.9669467787114846,-0.0001867413632120618,1.0,1.0,0.0
dvSave-2021_02_06_09_13_36_person2,143,0.37296037296037293,0.3819513819513819,0.008991008991008964,0.4825174825174825,0.4825174825174825,0.0,0.40970793911970393,0.414232825997532,0.004524886877828038,0.46153846153846156,0.46853146853146854,0.006993006993006978
dvSave-2021_02_14_16_28_37_car3,230,0.31925465838509315,0.3233954451345756,0.004140786749482428,0.4043478260869565,0.40869565217391307,0.004347826086956552,0.33461210571184996,0.3387894288150042,0.004177323103154218,0.3695652173913043,0.3739130434782609,0.004347826086956552
video_0050,1180,0.7848668280871671,0.786037126715093,0.0011702986279258365,0.9728813559322034,0.9728813559322034,0.0,0.8523097374543036,0.852725157859754,0.00041542040545039516,0.9661016949152542,0.9627118644067797,-0.003389830508474523
00451_UAV_outdoor6,89,0.7950775815944355,0.7956126270733012,0.0005350454788656256,1.0,1.0,0.0,0.8786076228244106,0.886759198061247,0.008151575236836406,1.0,1.0,0.0
dvSave-2021_02_06_10_17_16_paperClips,1742,0.21483243125034165,0.21726532174293364,0.002432890492591988,0.3450057405281286,0.3421354764638347,-0.002870264064293915,0.23076923076923078,0.2288894892055559,-0.0018797415636748749,0.25200918484500573,0.24741676234213547,-0.004592422502870258
00408_UAV_outdoor6,89,0.9004815409309792,0.8978063135366505,-0.002675227394328683,1.0,1.0,0.0,0.9451421017845341,0.9413967834324741,-0.0037453183520599342,1.0,1.0,0.0
dvSave-2021_02_14_16_40_59_blackcar1,275,0.7799134199134199,0.7823376623376622,0.002424242424242329,1.0,1.0,0.0,0.8464171122994654,0.8477718360071301,0.0013547237076647622,0.92,0.92,0.0
dvSave-2021_02_14_16_56_01_house,372,0.8078597030209932,0.8045314900153612,-0.003328213005632019,0.978494623655914,0.9731182795698925,-0.005376344086021501,0.8615327851570737,0.8582648113008645,-0.0032679738562091387,0.9731182795698925,0.9704301075268817,-0.0026881720430107503
dvSave-2021_02_04_20_41_53,1119,0.8516107068385889,0.7994808289714457,-0.05212987786714318,0.9714030384271671,0.9079535299374442,-0.06344950848972297,0.8881529376719409,0.8361632409889781,-0.05198969668296283,0.9517426273458445,0.9016979445933869,-0.05004468275245755
dvSave-2021_02_06_09_21_53_car,46,0.8685300207039338,0.8809523809523812,0.01242236024844734,1.0,1.0,0.0,0.9143222506393862,0.9271099744245523,0.012787723785166127,1.0,1.0,0.0
dvSave-2021_02_14_16_56_18_car6,130,0.520879120879121,0.5150183150183152,-0.00586080586080584,0.9,0.8153846153846154,-0.08461538461538465,0.6336349924585218,0.621417797888386,-0.012217194570135814,0.5923076923076923,0.5769230769230769,-0.015384615384615441
dvSave-2021_02_06_09_35_08_Pedestrian,830,0.15329890992541595,0.15243832472748134,-0.0008605851979346102,0.20602409638554217,0.21204819277108433,0.00602409638554216,0.1656744625561068,0.16834396409166077,0.002669501535553981,0.18433734939759036,0.18795180722891566,0.0036144578313253017
video_0073,489,0.8339663063589442,0.8310448923945857,-0.0029214139643585213,0.983640081799591,0.983640081799591,0.0,0.881992060627932,0.8767392437547616,-0.005252816873170363,0.9795501022494888,0.9734151329243353,-0.00613496932515345
tennis_long_003,1265,0.7988330510069642,0.7975908149821193,-0.001242236024844967,0.9525691699604744,0.9509881422924901,-0.0015810276679842916,0.8394791908858406,0.8382391691854608,-0.0012400217003797342,0.9359683794466404,0.9343873517786562,-0.0015810276679841806
dvSave-2021_02_06_17_49_51_personBasketball,534,0.17638665953272697,0.17781344747636882,0.001426787943641844,0.20224719101123595,0.20411985018726592,0.0018726591760299671,0.18487919512374235,0.185833884115444,0.0009546889917016466,0.19662921348314608,0.19850187265917604,0.0018726591760299671
dvSave-2021_02_06_09_36_44_Pedestrian,197,0.0725163161711385,0.0732414793328499,0.0007251631617113952,0.116751269035533,0.116751269035533,0.0,0.1057031949835772,0.10689758136757244,0.0011943863839952301,0.116751269035533,0.116751269035533,0.0
dvSave-2021_02_06_10_14_17_paperClip,1515,0.08964325003928966,0.1746974697469747,0.08505421970768504,0.23432343234323433,0.2396039603960396,0.005280528052805267,0.09125736103022067,0.19644082055264353,0.10518345952242286,0.08844884488448845,0.2033003300330033,0.11485148514851484
dvSave-2021_02_14_16_43_54_car2,210,0.48707482993197276,0.4859410430839002,-0.0011337868480725821,0.7095238095238096,0.7095238095238096,0.0,0.6517273576097106,0.6516339869281046,-9.337068160597539e-05,0.7047619047619048,0.7047619047619048,0.0
00471_UAV_outdoor6,89,0.2386302835741039,0.260032102728732,0.021401819154628104,0.5393258426966292,0.5393258426966292,0.0,0.3040317250495704,0.34324741132408026,0.03921568627450989,0.38202247191011235,0.3707865168539326,-0.011235955056179747
dvSave-2021_02_15_13_28_20_cash,739,0.7466975964946195,0.7419936851601262,-0.004703911334493327,0.790257104194858,0.7929634641407307,0.0027063599458727605,0.7497678367693492,0.7465042850699143,-0.00326355169943493,0.7834912043301759,0.7794316644113667,-0.004059539918809252
dvSave-2021_02_06_17_33_01_personBasketball,913,0.2968758149481041,0.08392009596828874,-0.21295571897981536,0.42716319824753557,0.10405257393209201,-0.3231106243154436,0.33468633893864236,0.08547559220840581,-0.24921074673023655,0.37677984665936476,0.09529025191675794,-0.2814895947426068
dvSave-2021_02_14_16_46_34_car12,117,0.8424908424908425,0.8441188441188442,0.0016280016280016962,1.0,1.0,0.0,0.9081615552203788,0.9115133232780291,0.0033517680576503617,1.0,1.0,0.0
dvSave-2021_02_06_08_57_35_machineBrad,461,0.17394897221361427,0.20204524325999382,0.028096271046379545,0.26898047722342733,0.3080260303687636,0.039045553145336254,0.18429671217727875,0.21270894474926627,0.028412232571987522,0.20607375271149675,0.23644251626898047,0.03036876355748372
tennis_long_006,938,0.8083561782922124,0.8067316478830338,-0.0016245304091786483,1.0,1.0,0.0,0.8698106108114887,0.8676575107655002,-0.002153100045988454,0.9936034115138592,0.9914712153518124,-0.002132196162046851
00433_UAV_outdoor6,89,0.8726591760299627,0.868378812199037,-0.004280363830925671,1.0,1.0,0.0,0.9142983035910995,0.9129764265256664,-0.0013218770654331857,1.0,1.0,0.0
traffic_0058,1000,0.32666666666666666,0.2543809523809523,-0.07228571428571434,0.514,0.322,-0.192,0.3394705882352941,0.27898039215686277,-0.06049019607843131,0.371,0.307,-0.064
dvSave-2021_02_14_16_26_44_girl,615,0.08842431281455673,0.09012775842044134,0.0017034456058846043,0.31869918699186994,0.3203252032520325,0.001626016260162566,0.31321536744779216,0.31493703172325843,0.0017216642754662725,0.31869918699186994,0.3203252032520325,0.001626016260162566
traffic_0073,300,0.23111111111111107,0.2287301587301587,-0.0023809523809523725,0.6133333333333333,0.6133333333333333,0.0,0.5306535947712419,0.5296078431372548,-0.0010457516339870132,0.5466666666666666,0.5466666666666666,0.0
dvSave-2021_02_14_16_46_34_car10,113,0.5861778339654445,0.5828065739570163,-0.003371260008428245,0.8141592920353983,0.8053097345132744,-0.008849557522123908,0.536699635606455,0.5344438660419919,-0.0022557695644630504,0.584070796460177,0.5929203539823009,0.008849557522123908
dvSave-2021_02_15_13_04_57_Duck,542,0.6120189773326304,0.6133368476541907,0.0013178703215602772,0.8173431734317343,0.8191881918819188,0.0018450184501844769,0.643766731784965,0.6498444396208668,0.00607770783590178,0.6918819188191881,0.6955719557195572,0.0036900369003690647
00511_person_outdoor6,89,0.8887105403959337,0.8951310861423222,0.006420545746388506,1.0,1.0,0.0,0.9385327164573695,0.9405155320555189,0.00198281559814939,1.0,1.0,0.0
00437_UAV_outdoor6,89,0.8994114499732477,0.9015516318887103,0.0021401819154626134,1.0,1.0,0.0,0.9400749063670412,0.9405155320555189,0.00044062568847769157,1.0,1.0,0.0
dvSave-2021_02_15_10_14_18_chicken,1612,0.1770353302611367,0.17668084603568474,-0.0003544842254519509,0.27233250620347393,0.2760545905707196,0.0037220843672456927,0.19022770398481972,0.18739356784897582,-0.0028341361358439066,0.20967741935483872,0.2053349875930521,-0.004342431761786614
dvSave-2021_02_14_16_51_21_motor1,38,0.5476190476190478,0.5451127819548874,-0.0025062656641603454,0.9736842105263158,0.9736842105263158,0.0,0.5314757481940144,0.5139318885448916,-0.01754385964912286,0.3684210526315789,0.3684210526315789,0.0
dvSave-2021_02_06_09_10_52_car3,65,0.4945054945054945,0.4769230769230769,-0.01758241758241763,0.7230769230769231,0.7076923076923077,-0.01538461538461533,0.6802413273001509,0.6524886877828056,-0.0277526395173453,0.6923076923076923,0.676923076923077,-0.01538461538461533
dvSave-2021_02_16_17_12_18,1526,0.8106471946576794,0.812800349497597,0.002153154839917626,0.9246395806028833,0.9298820445609436,0.005242463958060273,0.8311104258217048,0.837226633772775,0.006116207951070152,0.8676277850589778,0.8748361730013107,0.007208387942332917
video_0079,1125,0.2322116402116402,0.1177989417989418,-0.1144126984126984,0.35555555555555557,0.17777777777777778,-0.17777777777777778,0.24850544662309368,0.12711111111111112,-0.12139433551198256,0.26666666666666666,0.1431111111111111,-0.12355555555555556
dvSave-2021_02_14_16_40_59_car1,105,0.7714285714285714,0.7714285714285714,0.0,1.0,1.0,0.0,0.9021475256769375,0.9055088702147526,0.003361344537815114,1.0,1.0,0.0
00413_UAV_outdoor6,89,0.9069020866773676,0.9031567683253078,-0.0037453183520598232,1.0,1.0,0.0,0.9424983476536681,0.9429389733421457,0.00044062568847758055,1.0,1.0,0.0
dvSave-2021_02_14_16_51_21_car1,55,0.7670995670995671,0.7766233766233765,0.00952380952380949,1.0,1.0,0.0,0.8221033868092692,0.8299465240641711,0.007843137254901933,0.9090909090909091,0.8909090909090909,-0.018181818181818188
video_0032,2926,0.46199915372847694,0.4563356443055691,-0.005663509422907831,0.5608339029391661,0.5550239234449761,-0.005809979494190043,0.4958586305335531,0.491274978891078,-0.004583651642475095,0.5529733424470267,0.5464798359535201,-0.006493506493506551
dvSave-2021_02_08_21_06_03_car7,61,0.7681498829039812,0.7704918032786885,0.0023419203747072626,1.0,1.0,0.0,0.9476052716168435,0.9456766313082611,-0.0019286403085824189,1.0,1.0,0.0
dvSave-2021_02_06_10_11_59_paperClips,1034,0.2899051303306622,0.3018329188541954,0.011927788523533212,0.38684719535783363,0.39748549323017407,0.010638297872340441,0.34598171957370955,0.3576060985322563,0.011624378958546733,0.3858800773694391,0.39748549323017407,0.011605415860734991
dvSave-2021_02_14_16_40_59_car7,154,0.5179344465058751,0.5188620902906617,0.0009276437847866026,0.7142857142857143,0.7142857142857143,0.0,0.5999490705373058,0.5975299210593329,-0.0024191494779729483,0.6883116883116883,0.6883116883116883,0.0
traffic_0028,1672,0.9120528594212806,0.9077523353839144,-0.004300524037366138,1.0,1.0,0.0,0.9408950182943991,0.937271320011258,-0.00362369828314113,1.0,1.0,0.0
video_0058,954,0.7948986722571628,0.7961964660077867,0.001297793750623888,0.9779874213836478,0.9779874213836478,0.0,0.8585522259218151,0.8602170427919594,0.0016648168701443034,0.950733752620545,0.9528301886792453,0.002096436058700246
00435_UAV_outdoor6,89,0.9202782236490101,0.9197431781701445,-0.0005350454788656256,1.0,1.0,0.0,0.9603436880370125,0.9588014981273408,-0.0015421899096716984,1.0,1.0,0.0
dvSave-2021_02_06_17_16_26_whitecar,506,0.7399774138904573,0.7419536984754375,0.0019762845849801147,1.0,0.9980237154150198,-0.0019762845849802257,0.704332325815702,0.7089824071921259,0.004650081376423865,0.7569169960474308,0.758893280632411,0.0019762845849802257
00147_tank_outdoor2,104,0.8228021978021978,0.8173076923076922,-0.005494505494505586,0.8942307692307693,0.8846153846153846,-0.009615384615384692,0.8437028657616893,0.8433257918552036,-0.00037707390648566985,0.875,0.875,0.0
dvSave-2021_02_15_13_09_09_person,856,0.6291722296395195,0.6155985758789496,-0.013573653760569848,0.7394859813084113,0.7242990654205608,-0.015186915887850483,0.6665063221550304,0.6542972329118564,-0.012209089243173987,0.7324766355140186,0.719626168224299,-0.012850467289719614
dvSave-2021_02_08_21_17_43_car5,62,0.25652841781874036,0.17895545314900152,-0.07757296466973884,0.45161290322580644,0.25806451612903225,-0.1935483870967742,0.25363693864642634,0.18753953194180903,-0.0660974067046173,0.27419354838709675,0.22580645161290322,-0.04838709677419353
dvSave-2021_02_14_16_34_11_person1,230,0.6824016563146997,0.6799171842650104,-0.002484472049689379,0.9695652173913043,0.9695652173913043,0.0,0.7613810741687982,0.7582267689684571,-0.003154305200341101,0.9652173913043478,0.9608695652173913,-0.004347826086956497
dvSave-2021_02_06_15_12_44_car,191,0.4218399401645475,0.43405634505110957,0.01221640488656206,0.5759162303664922,0.5759162303664922,0.0,0.43599219792629096,0.45354686377168674,0.017554665845395778,0.4869109947643979,0.4973821989528796,0.010471204188481686
traffic_0006,1073,0.840278702347668,0.8365064571961124,-0.003772245151555609,1.0,1.0,0.0,0.8879630137236627,0.8832300860698428,-0.0047329276538199405,1.0,1.0,0.0
dvSave-2021_02_06_17_23_26_personFootball,725,0.6360591133004926,0.6409195402298851,0.004860426929392481,0.9696551724137931,0.9696551724137931,0.0,0.6911426639621367,0.6940094658553077,0.0028668018931709005,0.8096551724137931,0.8082758620689655,-0.0013793103448276334
dvSave-2021_02_14_16_34_48_person1,35,0.8789115646258504,0.8816326530612246,0.0027210884353742193,1.0,1.0,0.0,0.9501400560224089,0.9501400560224089,0.0,1.0,1.0,0.0
dvSave-2021_02_14_16_31_07_person1,61,0.8462138953942235,0.8454332552693209,-0.0007806401249026429,1.0,1.0,0.0,0.9193185470909674,0.9212471873995499,0.0019286403085825299,1.0,1.0,0.0
roadLight_001,375,0.8290793650793651,0.8303492063492061,0.0012698412698409767,1.0,1.0,0.0,0.9246535947712419,0.9221960784313726,-0.002457516339869237,1.0,1.0,0.0
00416_UAV_outdoor6,89,0.8614232209737829,0.8678437667201713,0.006420545746388395,1.0,1.0,0.0,0.9015201586252479,0.9032826613791584,0.0017625027539104332,1.0,1.0,0.0
00241_tennis_outdoor4,104,0.8521062271062272,0.8580586080586079,0.005952380952380709,1.0,1.0,0.0,0.8946078431372549,0.9029034690799396,0.008295625942684626,1.0,1.0,0.0
dvSave-2021_02_16_17_15_53,1553,0.7104222242663969,0.715726857388158,0.005304633121761104,0.9368963296844817,0.9343206696716033,-0.0025756600128783447,0.8332891430880144,0.8370011236948095,0.0037119806067951178,0.8821635544108177,0.8905344494526722,0.00837089504185451
dvSave-2021_02_06_10_05_38_phone,2299,0.8416495784916839,0.8443422606102031,0.0026926821185192518,0.9934754240974336,0.994780339277947,0.001304915180513344,0.8887495842182023,0.8928860800518554,0.004136495833653164,0.9699869508481949,0.9721618094823836,0.002174858634188759
dvSave-2021_02_16_17_23_10,1945,0.7504957767168564,0.7584282041865589,0.007932427469702463,0.8997429305912596,0.906426735218509,0.006683804627249379,0.8253238570492464,0.8334996723625182,0.008175815313271828,0.8473007712082262,0.8519280205655527,0.004627249357326502
dvSave-2021_02_15_10_12_19_basketball,1603,0.04117280099812851,0.04485637049579658,0.003683569497668064,0.22894572676232064,0.2445414847161572,0.015595757953836553,0.011436889166146807,0.015473438283610388,0.004036549117463581,0.010605115408608859,0.012476606363069246,0.0018714909544603874
tennis_long_001,1014,0.3042641119564197,0.3039823424438809,-0.000281769512538832,0.4546351084812623,0.4546351084812623,0.0,0.41696639207951425,0.41733379742429527,0.0003674053447810244,0.4526627218934911,0.4536489151873767,0.0009861932938856066
video_0056,1848,0.5373376623376623,0.5325963718820862,-0.0047412904555761415,0.6628787878787878,0.6569264069264069,-0.005952380952380931,0.5753331635684577,0.5705373058314235,-0.00479585773703417,0.6423160173160173,0.6347402597402597,-0.007575757575757569
00370_UAV_outdoor6,88,0.1531385281385281,0.15259740259740256,-0.0005411255411255367,0.22727272727272727,0.22727272727272727,0.0,0.15975935828877005,0.16020499108734407,0.00044563279857401383,0.13636363636363635,0.13636363636363635,0.0
00406_UAV_outdoor6,89,0.8806848582129481,0.8796147672552168,-0.0010700909577312512,1.0,1.0,0.0,0.9213483146067416,0.9198061246970698,-0.0015421899096718095,1.0,1.0,0.0
dvSave-2021_02_06_09_24_39_oldman1,210,0.8265306122448981,0.8297052154195012,0.0031746031746030523,0.9761904761904762,0.9761904761904762,0.0,0.8866479925303454,0.8896358543417366,0.0029878618113912125,0.9666666666666667,0.9666666666666667,0.0
UAV_long_001,2080,0.4491758241758242,0.44684065934065925,-0.002335164835164938,0.5778846153846153,0.5745192307692307,-0.0033653846153846034,0.4895173453996985,0.48971530920060335,0.00019796380090486565,0.5673076923076923,0.5653846153846154,-0.0019230769230769162
video_0021,1109,0.8613937910601572,0.8555970629911116,-0.005796728069045631,1.0,1.0,0.0,0.9088385579660179,0.9088915999222051,5.304195618727192e-05,1.0,1.0,0.0
00423_UAV_outdoor6,88,0.5952380952380952,0.6011904761904762,0.005952380952380931,1.0,1.0,0.0,0.819295900178253,0.8360071301247772,0.016711229946524186,0.9886363636363636,0.9886363636363636,0.0
video_0067,1554,0.8118526689955262,0.8126493840779555,0.000796715082429289,0.9974259974259975,0.9974259974259975,0.0,0.8809397632927043,0.8817094405329697,0.0007696772402654428,0.9897039897039897,0.990990990990991,0.0012870012870013214
dvSave-2021_02_14_16_56_18_car2,108,0.857583774250441,0.8589065255731921,0.00132275132275117,1.0,1.0,0.0,0.9019607843137255,0.9054103122730573,0.003449527959331844,1.0,1.0,0.0
dvSave-2021_02_14_16_26_44_car3,90,0.8994708994708996,0.8994708994708995,-1.1102230246251565e-16,1.0,1.0,0.0,0.9400871459694988,0.9387799564270153,-0.0013071895424835445,1.0,1.0,0.0
dvSave-2021_02_06_15_18_36_redcar,196,0.804907677356657,0.8046647230320697,-0.00024295432458731892,0.9030612244897959,0.9030612244897959,0.0,0.8423369347739096,0.8415366146458583,-0.0008003201280513128,0.8928571428571429,0.8928571428571429,0.0
traffic_0052,1240,0.767242703533026,0.7671274961597541,-0.00011520737327197494,0.9911290322580645,0.992741935483871,0.001612903225806539,0.8797280202403542,0.8803447185325743,0.0006166982922201081,0.9903225806451613,0.992741935483871,0.0024193548387096975
traffic_0023,203,0.7525216983345062,0.6884822894675112,-0.064039408866995,1.0,1.0,0.0,0.8116487974500145,0.7376605814739688,-0.07398821597604566,0.9507389162561576,0.8472906403940886,-0.10344827586206895
dvSave-2021_02_14_16_48_45_car5,103,0.8576051779935275,0.8543689320388351,-0.003236245954692407,1.0,1.0,0.0,0.9088140110413097,0.9110984199505043,0.0022844089091946795,1.0,1.0,0.0
video_0018,388,0.5015954835542464,0.5023318605792833,0.0007363770250368162,0.5747422680412371,0.5747422680412371,0.0,0.538407115423489,0.5369921164342025,-0.0014149989892864312,0.5927835051546392,0.5979381443298969,0.005154639175257714
dvSave-2021_02_14_16_46_34_car5,126,0.8869992441421013,0.8820861678004535,-0.004913076341647837,1.0,1.0,0.0,0.9263927793339558,0.9231248054777467,-0.0032679738562091387,1.0,1.0,0.0
dightNUM_001,535,0.8978193146417446,0.8992434356920337,0.0014241210502891066,1.0,1.0,0.0,0.9437053326003298,0.94216602528862,-0.0015393073117098144,1.0,1.0,0.0
dvSave-2021_02_06_10_03_17_GreenPlant,2585,0.6931012250161186,0.6905406650087501,-0.002560560007368484,0.7895551257253385,0.7887814313346229,-0.000773694390715618,0.7336746690939434,0.7337808624416886,0.00010619334774519817,0.7771760154738878,0.7771760154738878,0.0
dvSave-2021_02_15_10_22_23_boyhead,378,0.22348198538674724,0.2312925170068027,0.007810531620055461,0.35714285714285715,0.3492063492063492,-0.007936507936507964,0.29624442369540416,0.2852474323062558,-0.010996991389148336,0.3439153439153439,0.328042328042328,-0.015873015873015872
00447_UAV_outdoor6,88,0.899891774891775,0.8993506493506493,-0.00054112554112562,1.0,1.0,0.0,0.9407308377896615,0.9409536541889484,0.0002228163992868959,1.0,1.0,0.0
00404_UAV_outdoor6,89,0.8790797217763507,0.8764044943820224,-0.00267522739432835,1.0,1.0,0.0,0.9224498788279356,0.9202467503855474,-0.002203128442388236,1.0,1.0,0.0
dvSave-2021_02_15_12_58_05_personHead2,370,0.7657657657657657,0.7652509652509653,-0.000514800514800462,0.9891891891891892,0.9945945945945946,0.005405405405405461,0.8740858505564387,0.8771065182829889,0.003020667726550186,0.9621621621621622,0.9648648648648649,0.002702702702702675
dvSave-2021_02_04_21_21_24,220,0.14805194805194807,0.14675324675324677,-0.0012987012987012991,0.4863636363636364,0.4863636363636364,0.0,0.4620320855614974,0.46024955436720155,-0.0017825311942958333,0.4818181818181818,0.4818181818181818,0.0
dvSave-2021_02_14_16_45_13_car5,95,0.8110275689223057,0.8085213032581454,-0.0025062656641602343,1.0,1.0,0.0,0.9415892672858618,0.9351909184726522,-0.006398348813209553,1.0,1.0,0.0
dvSave-2021_02_12_13_56_29,916,0.5080058224163028,0.5711686421293409,0.06316281971303817,0.5895196506550219,0.665938864628821,0.07641921397379914,0.5407569141193594,0.610839969175443,0.07008305505608359,0.5851528384279476,0.6615720524017468,0.07641921397379914
dvSave-2021_02_06_09_09_44_person6,370,0.1929214929214929,0.19176319176319173,-0.0011583011583011782,0.26756756756756755,0.26756756756756755,0.0,0.21717011128775834,0.21648118706942235,-0.0006889242183359956,0.24324324324324326,0.24324324324324326,0.0
dvSave-2021_02_04_21_04_05,1650,0.08037518037518036,0.08222222222222221,0.001847041847041847,0.11636363636363636,0.11818181818181818,0.001818181818181816,0.08215092097445038,0.08620320855614974,0.004052287581699357,0.09090909090909091,0.09636363636363636,0.005454545454545448
dvSave-2021_02_06_15_14_26_blackcar,785,0.04786169244767971,0.011525629360024265,-0.03633606308765545,0.06624203821656051,0.01910828025477707,-0.04713375796178344,0.0507805670038716,0.012414137629574122,-0.03836642937429748,0.05222929936305733,0.01019108280254777,-0.04203821656050956
dvSave-2021_02_15_13_13_44_whitecar,106,0.774483378256963,0.7605570530098833,-0.013926325247079707,0.9716981132075472,0.9716981132075472,0.0,0.8085460599334071,0.7902330743618201,-0.018312985571587004,0.8867924528301887,0.8679245283018868,-0.018867924528301883
dvSave-2021_02_04_20_49_43,1777,0.5666050325588874,0.7225929201168367,0.15598788755794935,0.7006190208216094,0.88351153629713,0.18289251547552055,0.6154126253765435,0.7727719112405795,0.15735928586403602,0.6826111423747889,0.8666291502532358,0.1840180078784469
dvSave-2021_02_14_16_42_44_car6,141,0.4126984126984127,0.41303613644039183,0.0003377237419791568,0.5673758865248227,0.5602836879432624,-0.007092198581560294,0.42914754554303997,0.4322069253233208,0.003059379780280813,0.48226950354609927,0.48226950354609927,0.0
00410_UAV_outdoor6,88,0.8977272727272727,0.8955627705627707,-0.0021645021645020357,1.0,1.0,0.0,0.9416221033868093,0.9400623885918002,-0.0015597147950090484,1.0,1.0,0.0
dvSave-2021_02_06_17_34_58_personBasketball,649,0.30530486462689854,0.30501137280798296,-0.00029349181891558107,0.3697996918335901,0.3697996918335901,0.0,0.3389830508474577,0.3386507145230975,-0.0003323363243602495,0.3697996918335901,0.3697996918335901,0.0
00490_UAV_outdoor6,88,0.6444805194805195,0.6396103896103897,-0.004870129870129802,0.8522727272727273,0.8522727272727273,0.0,0.7014260249554367,0.6938502673796793,-0.007575757575757458,0.7727272727272727,0.7727272727272727,0.0
dvSave-2021_02_15_13_10_54_person,245,0.6853255587949465,0.6876579203109815,0.0023323615160349975,0.889795918367347,0.9102040816326531,0.020408163265306145,0.750140056022409,0.7490996398559424,-0.0010404161664665512,0.8163265306122449,0.8081632653061225,-0.008163265306122436
dvSave-2021_02_06_08_58_43_cat,877,0.602323939838193,0.6179616658522018,0.015637726014008813,0.7046750285062714,0.7206385404789054,0.015963511972634015,0.6139244751492388,0.6278757797303642,0.013951304581125479,0.6727480045610034,0.69327251995439,0.020524515393386622
00331_UAV_outdoor5,78,0.9059829059829061,0.9090354090354089,0.0030525030525028196,1.0,1.0,0.0,0.947209653092006,0.9477124183006537,0.0005027652086476708,1.0,1.0,0.0
dvSave-2021_02_16_17_07_38,961,0.6260839403399237,0.627570487091819,0.0014865467518953013,0.8345473465140478,0.8355879292403746,0.0010405827263267886,0.7877211238293444,0.7898430964477362,0.0021219726183917542,0.8345473465140478,0.8345473465140478,0.0
dvSave-2021_02_15_13_12_45_redcar,128,0.7258184523809523,0.7258184523809523,0.0,0.875,0.875,0.0,0.7886029411764706,0.7881433823529411,-0.0004595588235294379,0.8515625,0.859375,0.0078125
dvSave-2021_02_06_17_31_03_personBasketball,524,0.7420029080334424,0.7995274445656124,0.057524536532170045,0.9255725190839694,1.0,0.07442748091603058,0.817355186349349,0.8833632689717108,0.0660080826223618,0.9198473282442748,0.9923664122137404,0.0725190839694656
video_0029,1413,0.40211640211640204,0.40262191217605237,0.000505510059650327,0.6086341118188252,0.6199575371549894,0.01132342533616415,0.4472475472850145,0.45020329433967493,0.0029557470546604514,0.49327671620665253,0.4975230007077141,0.00424628450106157
dvSave-2021_02_15_12_56_56_Fish,697,0.2503245200519232,0.24786499965839995,-0.0024595203935232346,0.4921090387374462,0.430416068866571,-0.06169296987087519,0.22640447857765775,0.23512532703181704,0.008720848454159297,0.20516499282639886,0.20946915351506457,0.004304160688665709
traffic_0013,166,0.8052208835341366,0.7983362019506598,-0.0068846815834767705,1.0,1.0,0.0,0.8944011339475548,0.8925112213560121,-0.0018899125915426973,1.0,1.0,0.0
traffic_0049,1420,0.5364520456069753,0.4883970489604292,-0.048054996646546166,0.723943661971831,0.6690140845070423,-0.05492957746478877,0.5748688207677436,0.5263877381938691,-0.04848108257387451,0.6316901408450705,0.5866197183098592,-0.04507042253521132
dvSave-2021_02_06_15_16_07_car,393,0.10517387616624257,0.12443959772204047,0.019265721555797893,0.15267175572519084,0.178117048346056,0.025445292620865145,0.10976400738412413,0.13196627251409468,0.022202265129970547,0.12213740458015267,0.1475826972010178,0.02544529262086513
dvSave-2021_02_06_17_27_53_personFootball,656,0.794062137049942,0.7934088269454123,-0.0006533101045297363,1.0,1.0,0.0,0.8566176470588235,0.8539574366331899,-0.00266021042563358,0.9923780487804879,0.9878048780487805,-0.004573170731707377
dvSave-2021_02_14_16_37_15_car5,103,0.17660656495607951,0.17614424410540916,-0.0004623208506703558,0.20388349514563106,0.20388349514563106,0.0,0.18370454978107745,0.18294308014467922,-0.0007614696363982265,0.1941747572815534,0.1941747572815534,0.0
00428_UAV_outdoor6,58,0.548440065681445,0.5426929392446633,-0.005747126436781658,0.7413793103448276,0.7068965517241379,-0.034482758620689724,0.581135902636917,0.5730223123732252,-0.008113590263691739,0.6551724137931034,0.6379310344827587,-0.01724137931034475
dvSave-2021_02_15_10_26_52_basketball2,2375,0.19224060150375943,0.22841102756892231,0.03617042606516288,0.2501052631578947,0.2905263157894737,0.04042105263157897,0.21783281733746138,0.2543157894736842,0.03648297213622284,0.2374736842105263,0.27789473684210525,0.04042105263157894
dvSave-2021_02_06_17_47_49_personBasketball,1089,0.5327736236827146,0.5406445406445405,0.007870916961825847,0.6363636363636364,0.6464646464646465,0.010101010101010166,0.5624336052143538,0.5705000090026828,0.008066403788329013,0.6088154269972452,0.620752984389348,0.011937557392102782
00325_UAV_outdoor5,79,0.8933092224231465,0.8951175406871609,0.0018083182640143969,1.0,1.0,0.0,0.9399354678580293,0.9406800694961529,0.0007446016381236209,1.0,1.0,0.0
00197_driving_outdoor3,105,0.7496598639455782,0.8240362811791383,0.07437641723356014,0.8952380952380953,0.9809523809523809,0.08571428571428563,0.8141923436041081,0.8909430438842203,0.07675070028011222,0.8952380952380953,0.9809523809523809,0.08571428571428563
00297_tennis_outdoor4,53,0.02425876010781671,0.02425876010781671,0.0,0.09433962264150944,0.09433962264150944,0.0,0.08361080281169073,0.08287088420273772,-0.0007399186089530052,0.07547169811320754,0.07547169811320754,0.0
dvSave-2021_02_08_21_04_56_car6,75,0.8025396825396824,0.8031746031746033,0.0006349206349208769,1.0,1.0,0.0,0.9113725490196077,0.9050980392156862,-0.006274509803921524,1.0,1.0,0.0
dvSave-2021_02_16_17_34_11,1504,0.6709093211752787,0.6851887031408308,0.014279381965552118,0.8257978723404256,0.848404255319149,0.022606382978723416,0.7106278681685438,0.7250078222778471,0.014379954109303261,0.7785904255319149,0.7945478723404256,0.015957446808510634
dvSave-2021_02_04_21_18_52,312,0.8072344322344323,0.8101343101343103,0.0028998778998780006,1.0,1.0,0.0,0.8827300150829562,0.8829185520361991,0.00018853695324283493,0.9935897435897436,0.9935897435897436,0.0
dvSave-2021_02_06_17_45_17_personBasketball,615,0.5206349206349207,0.5200929152148666,-0.0005420054200541147,0.6178861788617886,0.6178861788617886,0.0,0.5161166905786705,0.5122588872947552,-0.003857803283915273,0.5463414634146342,0.5414634146341464,-0.004878048780487809
dvSave-2021_02_06_17_51_05_personBasketball,787,0.6747746112422098,0.6795546681188357,0.00478005687662586,0.9085133418043202,0.9047013977128335,-0.003811944091486663,0.7535690260856566,0.7574058848444081,0.0038368587587515046,0.8157560355781448,0.8233799237611181,0.007623888182973326
dvSave-2021_02_14_16_37_15_person,480,0.6090277777777778,0.6041666666666666,-0.004861111111111205,0.99375,0.99375,0.0,0.6950571895424836,0.6854983660130718,-0.009558823529411842,0.7791666666666667,0.76875,-0.01041666666666663
00282_tennis_outdoor4,59,0.06941081517352703,0.09039548022598869,0.02098466505246166,0.15254237288135594,0.1864406779661017,0.033898305084745756,0.05649717514124295,0.08840146227982716,0.03190428713858421,0.03389830508474576,0.06779661016949153,0.03389830508474576
traffic_0055,262,0.16757542711741186,0.10268993093420577,-0.06488549618320609,0.24045801526717558,0.15267175572519084,-0.08778625954198474,0.21082173327346201,0.14114653494985782,-0.06967519832360419,0.21755725190839695,0.14122137404580154,-0.07633587786259541
tennis_long_004,907,0.27810153829999473,0.27720900929280207,-0.0008925290071926661,0.3627342888643881,0.36163175303197354,-0.0011025358324145418,0.3224160667574637,0.3197353914002205,-0.0026806753572432007,0.3539140022050717,0.35170893054024255,-0.002205071664829139
dvSave-2021_02_06_17_20_28_personFootball,521,0.1925783749200256,0.19157298235993053,-0.0010053925600950753,0.26103646833013433,0.255278310940499,-0.00575815738963531,0.20480975499604825,0.20240111399646232,-0.0024086409995859315,0.23032629558541268,0.23032629558541268,0.0
dvSave-2021_02_14_16_22_06,553,0.8251097907517436,0.8278653233445278,0.00275553259278416,1.0,1.0,0.0,0.9141935255114705,0.9164627876467043,0.0022692621352338183,1.0,1.0,0.0
dvSave-2021_02_15_13_02_21_Chicken,504,0.7096560846560847,0.6994520030234316,-0.010204081632653073,1.0,1.0,0.0,0.775871459694989,0.7663787737317149,-0.009492685963274128,0.8511904761904762,0.8472222222222222,-0.003968253968253954
dvSave-2021_02_14_16_55_35_person1,350,0.06353741496598639,0.17918367346938777,0.11564625850340138,0.09428571428571429,0.24,0.14571428571428569,0.06532212885154061,0.1926050420168067,0.12728291316526608,0.07142857142857142,0.20857142857142857,0.13714285714285715
dvSave-2021_02_16_17_42_50,878,0.684293307300141,0.7004555808656037,0.016162273565462626,0.856492027334852,0.8678815489749431,0.011389521640091105,0.7314529456429496,0.7494081915226228,0.01795524587967323,0.8097949886104784,0.8223234624145785,0.01252847380410016
dvSave-2021_02_15_13_27_20_bottle,883,0.49706088550935656,0.5111362778406946,0.014075392331338032,0.6557191392978482,0.6783691959229898,0.022650056625141635,0.6011147380809628,0.61759154397886,0.01647680589789713,0.6511891279728199,0.6715741789354474,0.020385050962627438
dvSave-2021_02_06_08_56_18_windowPattern,348,0.6518883415435139,0.3033661740558292,-0.3485221674876847,0.7471264367816092,0.35344827586206895,-0.3936781609195402,0.6933175569078205,0.32583953121478476,-0.3674780256930357,0.7471264367816092,0.35344827586206895,-0.3936781609195402
dvSave-2021_02_15_10_23_05_boyhead,1396,0.35359530631736935,0.14701869286396507,-0.20657661345340428,0.49140401146131807,0.1654727793696275,-0.32593123209169056,0.38798528007191413,0.13798528007191413,-0.25,0.45702005730659023,0.15974212034383956,-0.2972779369627507
dvSave-2021_02_06_09_11_41_person1,55,0.7887445887445887,0.7852813852813854,-0.0034632034632033903,1.0,1.0,0.0,0.8962566844919786,0.8966131907308378,0.00035650623885918886,1.0,1.0,0.0
dvSave-2021_02_06_17_41_45_personBasketball,648,0.732363315696649,0.7334656084656085,0.0011022927689594564,0.8842592592592593,0.8827160493827161,-0.0015432098765432167,0.7653110626966837,0.7655531348341804,0.0002420721374967183,0.8441358024691358,0.8410493827160493,-0.0030864197530864335
00355_UAV_outdoor6,89,0.834135901551632,0.8421615837346175,0.008025682182985494,1.0,1.0,0.0,0.9535139898656092,0.9585811852831019,0.005067195417492676,1.0,1.0,0.0
dvSave-2021_02_15_23_56_17,668,0.14635015682919872,0.146777872825777,0.0004277159965782873,0.19011976047904192,0.18712574850299402,-0.0029940119760479,0.15084536808735471,0.15290008218856405,0.0020547141012093317,0.15868263473053892,0.16167664670658682,0.0029940119760479
00419_UAV_outdoor6,88,0.7148268398268398,0.7040043290043291,-0.010822510822510734,1.0,1.0,0.0,0.7760695187165777,0.7700534759358291,-0.006016042780748632,0.8636363636363636,0.8522727272727273,-0.011363636363636354
dvSave-2021_02_06_09_36_15_Pedestrian,489,0.1493816340442107,0.16973415132924335,0.02035251728503265,0.2167689161554192,0.27607361963190186,0.059304703476482645,0.1542162877420907,0.16488231284333774,0.010666025101247034,0.1656441717791411,0.16155419222903886,-0.004089979550102235
traffic_0019,308,0.34307359307359303,0.3494124922696351,0.00633889919604208,0.42207792207792205,0.42857142857142855,0.006493506493506496,0.3749045072574484,0.37980646804176205,0.0049019607843136526,0.42207792207792205,0.42857142857142855,0.006493506493506496
00442_UAV_outdoor6,89,0.8582129481005885,0.85553772070626,-0.002675227394328461,1.0,1.0,0.0,0.9114342366159948,0.9123154879929499,0.0008812513769551611,1.0,1.0,0.0
00449_UAV_outdoor6,88,0.9025974025974027,0.9025974025974027,0.0,1.0,1.0,0.0,0.9529857397504456,0.9525401069518716,-0.00044563279857401383,1.0,1.0,0.0
dvSave-2021_02_08_21_04_56_car3,40,0.7654761904761904,0.7619047619047619,-0.0035714285714285587,0.975,0.975,0.0,0.9357843137254902,0.9333333333333333,-0.002450980392156854,0.975,0.975,0.0
dvSave-2021_02_06_15_15_36_redcar,140,0.5649659863945579,0.5625850340136054,-0.0023809523809524835,0.7214285714285714,0.7214285714285714,0.0,0.6074229691876751,0.6035014005602242,-0.0039215686274509665,0.6928571428571428,0.6857142857142857,-0.0071428571428571175
dvSave-2021_02_15_13_08_12_blackcar,272,0.827906162464986,0.8301820728291316,0.002275910364145539,0.9227941176470589,0.9264705882352942,0.003676470588235281,0.8648356401384083,0.8683679354094581,0.0035322952710498123,0.9191176470588235,0.9264705882352942,0.007352941176470673
dvSave-2021_02_04_21_20_22,257,0.7317027978506577,0.7367055771725032,0.005002779321845452,0.8365758754863813,0.8404669260700389,0.0038910505836575737,0.8181124589913784,0.8238345922026398,0.00572213321126136,0.8715953307392996,0.8793774319066148,0.0077821011673151474
dvSave-2021_02_14_16_26_44_person1,103,0.7008784096162738,0.6994914470642626,-0.001386962552011206,1.0,1.0,0.0,0.7502379592613746,0.7534742052160669,0.003236245954692296,0.8349514563106796,0.8640776699029126,0.029126213592232997
dvSave-2021_02_14_16_43_54_car4,158,0.7613019891500904,0.758288125376733,-0.003013863773357439,1.0,1.0,0.0,0.8082650781831721,0.8049143708116158,-0.003350707371556294,0.9177215189873418,0.9177215189873418,0.0
basketball_0076,1032,0.7799464747139165,0.7787929125138426,-0.0011535622000738988,1.0,1.0,0.0,0.8647020823833409,0.8672480620155039,0.0025459796321629646,0.9874031007751938,0.9903100775193798,0.0029069767441860517
dvSave-2021_02_06_17_15_20_whitecar,668,0.7594810379241518,0.7624037639007698,0.0029227259766180236,0.8637724550898204,0.8637724550898204,0.0,0.7925912880122108,0.7947047082305977,0.0021134202183868966,0.8517964071856288,0.8532934131736527,0.0014970059880239361
dvSave-2021_02_14_16_56_59_car6,103,0.8146093388811837,0.8099861303744801,-0.004623208506703613,1.0,1.0,0.0,0.9171901770416905,0.9154768703597944,-0.0017133066818960652,1.0,1.0,0.0
00458_UAV_outdoor6,88,0.9274891774891775,0.9296536796536797,0.0021645021645022577,1.0,1.0,0.0,0.9558823529411765,0.9596702317290553,0.0037878787878787845,1.0,1.0,0.0
dvSave-2021_02_04_20_56_55,116,0.8284072249589491,0.824712643678161,-0.003694581280788145,1.0,0.9913793103448276,-0.008620689655172376,0.8771129141311697,0.8740703177822852,-0.0030425963488844854,0.9741379310344828,0.9741379310344828,0.0
dvSave-2021_02_06_17_21_41_personFootball,572,0.08816183816183816,0.09157509157509158,0.0034132534132534226,0.10314685314685315,0.10664335664335664,0.003496503496503489,0.09255450431921021,0.0967023172905526,0.004147812971342396,0.10139860139860139,0.10664335664335664,0.005244755244755248
00430_UAV_outdoor6,88,0.6304112554112555,0.6309523809523809,0.0005411255411253979,0.9659090909090909,0.9659090909090909,0.0,0.9255793226381465,0.9271390374331553,0.0015597147950088264,0.9659090909090909,0.9659090909090909,0.0
00421_UAV_outdoor6,89,0.342964151952916,0.3814874264312466,0.038523274478330594,1.0,1.0,0.0,0.7790262172284644,0.7966512447675701,0.017625027539105664,0.8426966292134831,0.8314606741573034,-0.011235955056179692
dvSave-2021_02_06_09_14_18_girl1,181,0.7684819784267299,0.7621678505656406,-0.006314127861089314,0.9613259668508287,0.9613259668508287,0.0,0.8121546961325968,0.8060881811288052,-0.006066515003791628,0.9060773480662984,0.8784530386740331,-0.027624309392265234
00385_UAV_outdoor6,88,0.8912337662337662,0.8836580086580087,-0.007575757575757458,1.0,1.0,0.0,0.9373885918003566,0.9324866310160428,-0.004901960784313819,1.0,1.0,0.0
dvSave-2021_02_14_16_31_07_redtaxi01,386,0.17887984209227734,0.25894399210461383,0.0800641500123365,0.21243523316062177,0.31865284974093266,0.1062176165803109,0.18657929493040748,0.27826882048156043,0.09168952555115295,0.20207253886010362,0.3005181347150259,0.0984455958549223
video_0008,242,0.06946084218811492,0.054309327036599776,-0.015151515151515145,0.08677685950413223,0.06198347107438017,-0.024793388429752067,0.07267865824015557,0.05614973262032086,-0.01652892561983471,0.0743801652892562,0.06198347107438017,-0.012396694214876033
dvSave-2021_02_06_09_11_41_car1,32,0.7529761904761905,0.7574404761904762,0.004464285714285698,1.0,1.0,0.0,0.9497549019607843,0.9509803921568627,0.001225490196078427,1.0,1.0,0.0
video_0049,545,0.8453473132372216,0.8429008300567935,-0.0024464831804280607,0.998165137614679,0.998165137614679,0.0,0.9008814534988306,0.8999460334592553,-0.0009354200395753631,0.9908256880733946,0.9908256880733946,0.0
dvSave-2021_02_06_18_04_18_person1,180,0.6251322751322752,0.5645502645502646,-0.060582010582010626,0.8055555555555556,0.7055555555555556,-0.09999999999999998,0.695098039215686,0.6253812636165577,-0.06971677559912837,0.7722222222222223,0.6888888888888889,-0.08333333333333337
dvSave-2021_02_14_16_42_44_car3,189,0.6800201562106325,0.6807760141093474,0.0007558578987149067,0.8306878306878307,0.8306878306878307,0.0,0.723934018051665,0.7234152920427428,-0.0005187260089222212,0.7936507936507936,0.7936507936507936,0.0
traffic_0064,510,0.5668534080298786,0.5551820728291317,-0.011671335200746924,0.8019607843137255,0.796078431372549,-0.005882352941176561,0.6173779315647827,0.6109957708573626,-0.006382160707420148,0.7137254901960784,0.7176470588235294,0.0039215686274509665
dvSave-2021_02_06_09_33_23_person1,78,0.8040293040293042,0.8076923076923078,0.00366300366300365,0.9743589743589743,0.9743589743589743,0.0,0.9017094017094015,0.9049773755656105,0.0032679738562090277,0.9615384615384616,0.9743589743589743,0.012820512820512775
00236_tennis_outdoor4,105,0.8589569160997732,0.85578231292517,-0.0031746031746031633,1.0,1.0,0.0,0.8948646125116714,0.8941176470588235,-0.0007469654528479142,1.0,1.0,0.0
dvSave-2021_02_15_10_26_52_basketball1,946,0.08688211013792409,0.09231853417899928,0.005436424041075194,0.10993657505285412,0.11522198731501057,0.0052854122621564525,0.09540687310865151,0.10015338059113706,0.0047465074824855485,0.1014799154334038,0.10676532769556026,0.0052854122621564525
00464_UAV_outdoor6,89,0.6837881219903691,0.6875334403424291,0.0037453183520600453,1.0,1.0,0.0,0.9004185944040538,0.9004185944040538,0.0,1.0,1.0,0.0
dvSave-2021_02_15_13_01_16_Duck,297,0.2563732563732564,0.11816578483245152,-0.1382074715408049,0.6835016835016835,0.28619528619528617,-0.39730639730639733,0.2375387865583944,0.11328976034858387,-0.12424902620981051,0.21885521885521886,0.12121212121212122,-0.09764309764309764
dvSave-2021_02_06_08_33_09_cat,712,0.7968833600856073,0.7972846441947565,0.00040128410914919144,0.9564606741573034,0.9634831460674157,0.0070224719101122934,0.9069729015201585,0.9088455606961886,0.0018726591760300781,0.9845505617977528,0.9845505617977528,0.0
video_0009,288,0.10532407407407408,0.10714285714285714,0.001818783068783053,0.1388888888888889,0.14583333333333334,0.0069444444444444475,0.11567265795206973,0.11662581699346404,0.0009531590413943136,0.13194444444444445,0.13194444444444445,0.0
dvSave-2021_02_12_13_43_54,1198,0.5634390651085143,0.6585976627712855,0.09515859766277124,0.666110183639399,0.7729549248747913,0.10684474123539234,0.6159448754460047,0.71701201348653,0.10106713804052525,0.6552587646076795,0.7612687813021702,0.10601001669449073
dvSave-2021_02_06_09_09_44_person3,140,0.595578231292517,0.5962585034013606,0.0006802721088435826,1.0,1.0,0.0,0.6316526610644257,0.6215686274509804,-0.010084033613445342,0.6642857142857143,0.6714285714285714,0.0071428571428571175
dvSave-2021_02_06_09_58_27_DigitAI,942,0.49398443029016287,0.4559700738044687,-0.03801435648569418,0.3205944798301486,0.2526539278131635,-0.06794055201698512,0.5472295075142584,0.5108446775737895,-0.03638482994046888,0.34394904458598724,0.2802547770700637,-0.06369426751592355
dvSave-2021_02_14_16_42_14_car1,251,0.8425346234111173,0.8419654714475433,-0.0005691519635739883,1.0,1.0,0.0,0.9298492305288649,0.9300054683227873,0.0001562377939223758,1.0,1.0,0.0
dvSave-2021_02_16_17_38_25,745,0.5935442633429211,0.3649089165867689,-0.2286353467561522,0.8845637583892617,0.49530201342281877,-0.38926174496644295,0.6355573101723911,0.3817344387419398,-0.25382287143045135,0.6993288590604027,0.42953020134228187,-0.2697986577181208
video_0026,809,0.6440049443757726,0.6420625110365531,-0.001942433339219507,0.8516687268232386,0.8516687268232386,0.0,0.7072396325650163,0.7050582903124168,-0.002181342252599472,0.8084054388133498,0.8071693448702101,-0.0012360939431397266
dvSave-2021_02_06_08_52_19_rotateball,935,0.13475935828877003,0.164960529666412,0.030201171377641972,0.19358288770053475,0.23850267379679144,0.044919786096256686,0.1429380308273042,0.1759882562650729,0.0330502254377687,0.1572192513368984,0.18716577540106952,0.029946524064171115
dvSave-2021_02_14_16_46_34_car3,218,0.9030144167758847,0.9032328527741372,0.000218435998252553,1.0,1.0,0.0,0.9359597049829106,0.9352401511063141,-0.0007195538765965015,0.9908256880733946,0.9908256880733946,0.0
00445_UAV_outdoor6,89,0.8994114499732475,0.9058319957196361,0.006420545746388617,1.0,1.0,0.0,0.9356686494822648,0.9383124036131305,0.0026437541308657053,1.0,1.0,0.0
video_0015,367,0.7965485921889192,0.8122486051641366,0.015700012975217392,0.8828337874659401,0.9046321525885559,0.021798365122615793,0.8304215419137683,0.847625153603676,0.017203611689907694,0.8719346049046321,0.896457765667575,0.02452316076294281
dvSave-2021_02_14_16_46_34_car16,394,0.8019095963258399,0.8062605752961083,0.004350978970268371,0.8908629441624365,0.8984771573604061,0.0076142131979696215,0.8349258485119936,0.8419428685179654,0.007017020005971819,0.8908629441624365,0.8984771573604061,0.0076142131979696215
dvSave-2021_02_15_10_26_52_personHead1,2375,0.09766416040100248,0.0649423558897243,-0.03272180451127818,0.1482105263157895,0.09136842105263158,-0.0568421052631579,0.12972549019607843,0.08338493292053663,-0.0463405572755418,0.14357894736842106,0.08884210526315789,-0.05473684210526317
dvSave-2021_02_06_09_16_06_person,493,0.01912489133584468,0.018931710615280595,-0.00019318072056408522,0.13184584178498987,0.13793103448275862,0.006085192697768749,0.11160163862705326,0.1136698086942688,0.0020681700672155467,0.08316430020283976,0.08316430020283976,0.0
video_0064,579,0.7591084793157331,0.7565589275433834,-0.002549551772349723,1.0,1.0,0.0,0.835653086796031,0.8298283043787463,-0.00582478241728468,0.9360967184801382,0.9412780656303973,0.005181347150259086
dvSave-2021_02_08_21_05_56_motor,67,0.7221037668798863,0.7235252309879175,0.001421464108031234,1.0,1.0,0.0,0.9019607843137255,0.900497512437811,-0.0014632718759145513,1.0,1.0,0.0
dvSave-2021_02_12_13_51_43,1013,0.22046725896676542,0.23475767404691397,0.014290415080148555,0.42843040473840077,0.44027640671273444,0.011846001974333664,0.3674583357528598,0.3805237791069043,0.013065443354044526,0.39387956564659427,0.4136229022704837,0.01974333662388944
dvSave-2021_02_08_21_06_03_car5,32,0.7380952380952381,0.7380952380952381,0.0,1.0,1.0,0.0,0.9540441176470589,0.9522058823529411,-0.0018382352941177516,1.0,1.0,0.0
dvSave-2021_02_08_21_15_49_car8,56,0.8630952380952381,0.8690476190476188,0.005952380952380709,1.0,1.0,0.0,0.9072128851540615,0.9103641456582633,0.0031512605042017805,1.0,1.0,0.0
dvSave-2021_02_14_16_40_59_car4,92,0.020186335403726705,0.020186335403726705,0.0,0.03260869565217391,0.03260869565217391,0.0,0.024509803921568624,0.024936061381074168,0.00042625745950554406,0.021739130434782608,0.021739130434782608,0.0
dvSave-2021_02_15_12_45_02_Duck,463,0.552915766738661,0.541499537179883,-0.01141622955877808,0.857451403887689,0.8509719222462203,-0.006479481641468721,0.5825604539872105,0.5726930080887647,-0.009867445898445792,0.6911447084233261,0.6760259179265659,-0.015118790496760237
dvSave-2021_02_15_23_51_36,846,0.8211752786220872,0.8224135990093437,0.0012383203872565751,0.9763593380614657,0.9763593380614657,0.0,0.8779029342233347,0.8777638715060491,-0.0001390627172855874,0.9716312056737588,0.9692671394799054,-0.0023640661938534313
dvSave-2021_02_15_10_26_11_chicken,703,0.22149969518390572,0.2250897514055409,0.0035900562216351906,0.27880512091038406,0.2844950213371266,0.005689900426742556,0.23830641787298135,0.24427523498730938,0.005968817114328034,0.2773826458036984,0.2844950213371266,0.007112375533428195
dvSave-2021_02_15_13_14_18_blackcar,106,0.8656783468104223,0.8643306379155435,-0.0013477088948787852,1.0,1.0,0.0,0.9215686274509803,0.9215686274509803,0.0,1.0,1.0,0.0
traffic_0043,730,0.7182648401826484,0.7117416829745596,-0.006523157208088715,0.936986301369863,0.9232876712328767,-0.013698630136986356,0.8143164114961053,0.8080042976094547,-0.00631211388665065,0.9123287671232877,0.9027397260273973,-0.009589041095890427
dvSave-2021_02_14_16_53_15_flag,1200,0.6835714285714286,0.6933730158730158,0.0098015873015872,0.8866666666666667,0.8975,0.01083333333333325,0.8249836601307193,0.8327777777777777,0.007794117647058396,0.8758333333333334,0.8841666666666667,0.008333333333333304
00514_person_outdoor6,89,0.5329052969502408,0.5965757089352595,0.06367041198501866,0.6629213483146067,0.7640449438202247,0.101123595505618,0.5617977528089887,0.6320775501211721,0.07027979731218337,0.6292134831460674,0.7191011235955056,0.0898876404494382
dvSave-2021_02_15_23_54_17,356,0.6314874264312467,0.6338951310861424,0.0024077046548957037,0.6853932584269663,0.6910112359550562,0.005617977528089901,0.6521260189469045,0.6547697730777705,0.0026437541308660384,0.6825842696629213,0.6853932584269663,0.002808988764045006
tennis_long_007,1554,0.7451124593981737,0.7437335294478151,-0.0013789299503585983,0.9221364221364221,0.9234234234234234,0.0012870012870013214,0.8057511292805409,0.8039341862871274,-0.0018169429934135062,0.9073359073359073,0.907979407979408,0.0006435006435007162
dvSave-2021_02_15_12_44_27_chicken,206,0.6527970411465557,0.6537216828478964,0.0009246417013407671,1.0,1.0,0.0,0.7257757471920807,0.7284408909194746,0.002665143727393904,0.883495145631068,0.8786407766990292,-0.004854368932038833
dvSave-2021_02_14_16_28_37_car2,98,0.8668610301263361,0.8654033041788144,-0.001457725947521693,1.0,1.0,0.0,0.9311724689875951,0.9277711084433773,-0.003401360544217802,1.0,1.0,0.0
dvSave-2021_02_16_17_20_20,985,0.7593908629441625,0.7605511240029008,0.0011602610587383433,0.9137055837563451,0.9096446700507614,-0.004060913705583702,0.8380810192097145,0.8376231710958494,-0.00045784811386506696,0.9218274111675127,0.917766497461929,-0.004060913705583702
dvSave-2021_02_15_13_05_43_Chicken,206,0.8203883495145632,0.8224687933425796,0.0020804438280164206,1.0,1.0,0.0,0.8855891871311632,0.8881591471540072,0.0025699600228440422,0.9951456310679612,1.0,0.004854368932038833
dvSave-2021_02_08_21_07_52,143,0.48751248751248755,0.48484848484848486,-0.002664002664002685,0.6503496503496503,0.6503496503496503,0.0,0.5144659262306321,0.512409159467983,-0.002056766762649098,0.5454545454545454,0.5524475524475524,0.006993006993006978
00503_UAV_outdoor6,88,0.7337662337662338,0.734848484848485,0.0010822510822511289,1.0,1.0,0.0,0.8237522281639931,0.826426024955437,0.002673796791443972,0.9204545454545454,0.9090909090909091,-0.011363636363636354
dvSave-2021_02_08_21_02_13_motor2,39,0.7863247863247862,0.7802197802197801,-0.006105006105006083,1.0,1.0,0.0,0.8290598290598291,0.8179989944695827,-0.011060834590246427,0.9230769230769231,0.9230769230769231,0.0
00506_person_outdoor6,88,0.877164502164502,0.8798701298701297,0.0027056277056276556,1.0,1.0,0.0,0.9367201426024956,0.9371657754010695,0.0004456327985739028,1.0,1.0,0.0
00483_UAV_outdoor6,85,0.6901960784313725,0.6941176470588235,0.0039215686274509665,0.8823529411764706,0.8823529411764706,0.0,0.7686274509803921,0.7688581314878893,0.00023068050749719404,0.8705882352941177,0.8588235294117647,-0.01176470588235301
dvSave-2021_02_14_16_48_45_car3,533,0.8813544179397839,0.8802823193067096,-0.0010720986330742255,0.9868667917448405,0.9868667917448405,0.0,0.9275650222565576,0.9284479270132068,0.0008829047566492054,0.9774859287054409,0.9774859287054409,0.0
00425_UAV_outdoor6,88,0.7640692640692641,0.5487012987012987,-0.21536796536796543,0.9772727272727273,0.6931818181818182,-0.28409090909090906,0.7860962566844919,0.5472370766488415,-0.23885918003565043,0.8522727272727273,0.6136363636363636,-0.23863636363636365
dvSave-2021_02_06_09_14_18_whitecar1,88,0.17857142857142855,0.17316017316017315,-0.0054112554112553946,0.25,0.25,0.0,0.18315508021390375,0.17758467023172905,-0.005570409982174701,0.20454545454545456,0.2159090909090909,0.011363636363636354
dvSave-2021_02_06_09_17_11_person,243,0.24906917499510092,0.24946110131295318,0.0003919263178522592,0.29218106995884774,0.29218106995884774,0.0,0.261679980634229,0.262164124909223,0.0004841442749939917,0.29218106995884774,0.29218106995884774,0.0
00398_UAV_outdoor6,129,0.8257659653008489,0.8268733850129198,0.0011074197120709561,0.9922480620155039,0.9922480620155039,0.0,0.950904392764858,0.9521203830369357,0.0012159902720776383,0.9922480620155039,0.9922480620155039,0.0
video_0076,120,0.09444444444444444,0.11309523809523805,0.018650793650793612,0.125,0.15,0.024999999999999994,0.09999999999999999,0.12500000000000003,0.025000000000000036,0.11666666666666667,0.15,0.033333333333333326
traffic_0061,450,0.545820105820106,0.5455026455026454,-0.000317460317460605,0.7711111111111111,0.7711111111111111,0.0,0.7153812636165578,0.7158605664488016,0.00047930283224373316,0.76,0.7577777777777778,-0.0022222222222222365
dvSave-2021_02_08_21_15_49_car3,65,0.7406593406593407,0.7443223443223443,0.00366300366300365,1.0,1.0,0.0,0.8349924585218704,0.8301659125188536,-0.004826546003016796,0.9538461538461539,0.9230769230769231,-0.03076923076923077
dvSave-2021_02_06_09_24_26_Pedestrian1,279,0.6810035842293908,0.6827103601297149,0.0017067759003240868,0.9032258064516129,0.899641577060932,-0.0035842293906809264,0.7871951648042728,0.7884601869421602,0.0012650221378874837,0.8673835125448028,0.8637992831541219,-0.0035842293906809264
dvSave-2021_02_08_21_17_43_car3,29,0.7733990147783252,0.7980295566502462,0.02463054187192104,1.0,1.0,0.0,0.8471940500338065,0.8661257606490873,0.01893171061528076,1.0,1.0,0.0
00462_UAV_outdoor6,88,0.5205627705627707,0.5216450216450218,0.0010822510822511289,0.75,0.7386363636363636,-0.011363636363636354,0.624777183600713,0.6390374331550802,0.014260249554367221,0.6704545454545454,0.7045454545454546,0.03409090909090917
dvSave-2021_02_06_17_36_49_personBasketball,731,0.24057064686339652,0.24597746075174257,0.005406813888346046,0.3064295485636115,0.31600547195622436,0.009575923392612873,0.24366299187253562,0.2500201174861189,0.0063571256135832865,0.2708618331053352,0.2818057455540356,0.01094391244870041
dvSave-2021_02_08_21_07_02_car2,68,0.6351540616246499,0.35294117647058826,-0.2822128851540617,0.9264705882352942,0.5588235294117647,-0.36764705882352944,0.6871395617070354,0.3644752018454441,-0.3226643598615913,0.8235294117647058,0.4411764705882353,-0.38235294117647056
dvSave-2021_02_12_13_39_56,1588,0.778337531486146,0.7831654072208228,0.004827875734676801,0.8551637279596978,0.8614609571788413,0.006297229219143552,0.8034400158048105,0.8066009779226552,0.003160962117844668,0.8406801007556675,0.845088161209068,0.004408060453400586
dvSave-2021_02_08_21_06_03_motor2,136,0.502450980392157,0.12219887955182071,-0.3802521008403362,0.9852941176470589,0.35294117647058826,-0.6323529411764706,0.5311418685121106,0.13134371395617067,-0.39979815455594,0.5073529411764706,0.11029411764705882,-0.39705882352941174
dvSave-2021_02_14_16_56_59_car4,110,0.6645021645021645,0.655844155844156,-0.008658008658008476,0.8909090909090909,0.8818181818181818,-0.009090909090909038,0.7629233511586452,0.7543672014260249,-0.00855614973262031,0.8363636363636363,0.8181818181818182,-0.018181818181818077
dvSave-2021_02_06_17_57_54_personFootball,974,0.8637430331475506,0.8645252762295883,0.0007822430820376702,1.0,1.0,0.0,0.9045577163103434,0.905423360309216,0.0008656439988725673,0.9907597535934292,0.9917864476386037,0.0010266940451745254
dvSave-2021_02_14_16_37_15_car2,140,0.3891156462585035,0.07619047619047621,-0.3129251700680273,0.4857142857142857,0.1,-0.3857142857142857,0.399859943977591,0.07675070028011205,-0.32310924369747895,0.4357142857142857,0.07857142857142857,-0.35714285714285715
dvSave-2021_02_15_10_23_05_basketall,1396,0.40421612771182974,0.3412812116250511,-0.06293491608677865,0.5558739255014327,0.47564469914040114,-0.08022922636103152,0.44346592505196925,0.3773526602618125,-0.06611326479015672,0.5179083094555874,0.44269340974212035,-0.07521489971346706
dvSave-2021_02_14_16_35_40_car2,68,0.8830532212885154,0.8781512605042016,-0.004901960784313819,1.0,1.0,0.0,0.944636678200692,0.9431949250288352,-0.0014417531718567966,1.0,1.0,0.0
dvSave-2021_02_14_16_21_40,564,0.5123269165822358,0.515113137453563,0.002786220871327183,0.7163120567375887,0.7163120567375887,0.0,0.5616047837574747,0.5651508830482548,0.0035460992907800915,0.6170212765957447,0.6312056737588653,0.014184397163120588
dvSave-2021_02_12_13_46_18,1099,0.7057064864162227,0.7027600849256901,-0.002946401490532602,0.991810737033667,0.9872611464968153,-0.0045495905368516665,0.9231029991614479,0.9199093650198932,-0.003193634141554713,0.9927206551410374,0.9899909008189263,-0.0027297543221110887
00508_person_outdoor6,89,0.4890315676832531,0.5650080256821829,0.07597645799892977,0.5955056179775281,0.6741573033707865,0.0786516853932584,0.5496805463758537,0.6234853491958581,0.07380480282000434,0.5842696629213483,0.6629213483146067,0.0786516853932584
dvSave-2021_02_06_09_22_41_person1,210,0.8242630385487528,0.8240362811791383,-0.00022675736961452753,1.0,1.0,0.0,0.8859010270774977,0.888328664799253,0.002427637721755249,1.0,1.0,0.0
dvSave-2021_02_06_10_09_04_bottle,610,0.5466822794691647,0.6198282591725215,0.07314597970335679,0.6934426229508197,0.7885245901639344,0.09508196721311468,0.6141755062680809,0.6950176792028288,0.08084217293474782,0.6754098360655738,0.7655737704918033,0.0901639344262295
dvSave-2021_02_06_09_09_44_blackcar,53,0.7115902964959571,0.7097933513027854,-0.0017969451931716396,1.0,1.0,0.0,0.9611542730299666,0.9593044765075841,-0.0018497965223824853,1.0,1.0,0.0
dvSave-2021_02_16_17_29_37,1501,0.5912883474509056,0.5958250055518542,0.0045366581009486096,0.760159893404397,0.7688207861425717,0.008660892738174608,0.6319447165941658,0.6376402659664798,0.005695549372313979,0.7021985343104596,0.7028647568287808,0.0006662225183211579
dvSave-2021_02_15_13_25_36_girlhead,299,0.7085523172479695,0.6969262621436534,-0.011626055104316135,0.9698996655518395,0.9698996655518395,0.0,0.7483769427503444,0.7327693619253725,-0.015607580824971934,0.903010033444816,0.882943143812709,-0.02006688963210701
dvSave-2021_02_06_15_08_41_flag,614,0.31828757561656584,0.3178222429036761,-0.0004653327128897322,0.998371335504886,0.998371335504886,0.0,0.9759532477486107,0.9765919397074788,0.0006386919588681206,0.998371335504886,0.998371335504886,0.0
00374_UAV_outdoor6,63,0.6696900982615267,0.6757369614512472,0.006046863189720475,1.0,1.0,0.0,0.8649237472766885,0.8904450669156552,0.025521319638966644,1.0,1.0,0.0
dvSave-2021_02_14_16_34_48_car2,150,0.8634920634920633,0.8666666666666666,0.0031746031746032743,1.0,1.0,0.0,0.9054901960784312,0.909673202614379,0.004183006535947831,0.9933333333333333,1.0,0.00666666666666671
dvSave-2021_02_14_16_28_37_person1,709,0.8904560413728253,0.8910605144737725,0.0006044731009472448,1.0,1.0,0.0,0.9321607345335876,0.9310268536187394,-0.0011338809148482287,1.0,1.0,0.0
dvSave-2021_02_14_16_56_18_car4,428,0.5525144637294169,0.5626390743213173,0.010124610591900396,0.7616822429906542,0.7757009345794392,0.014018691588784993,0.5928623785962983,0.6038574308227964,0.010995052226498103,0.719626168224299,0.7266355140186916,0.007009345794392607
dydrant_001,503,0.842374325475717,0.8389662027833003,-0.0034081226924167485,1.0,1.0,0.0,0.9466339219584453,0.9464390129809378,-0.00019490897750751301,1.0,1.0,0.0
dvSave-2021_02_14_16_40_59_motor1,136,0.7808123249299721,0.7797619047619048,-0.0010504201680673342,1.0,1.0,0.0,0.8941753171856979,0.8963379469434832,0.0021626297577853615,1.0,1.0,0.0
dvSave-2021_02_14_16_43_23_car3,91,0.8110936682365254,0.8069073783359497,-0.004186289900575679,1.0,1.0,0.0,0.9278172807584572,0.9217840982546864,-0.006033182503770718,1.0,1.0,0.0
traffic_0067,1354,0.4669761553070268,0.47861714848420905,0.011640993177182257,0.6410635155096012,0.6691285081240768,0.028064992614475592,0.5254583369536885,0.533770672227532,0.008312335273843563,0.5893648449039882,0.5915805022156573,0.0022156573116690614
00432_UAV_outdoor6,89,0.8485821294810061,0.8469769930444089,-0.0016051364365972098,1.0,1.0,0.0,0.891606080634501,0.8922670191672174,0.0006609385327164263,1.0,1.0,0.0
dvSave-2021_02_06_15_17_48_whitecar,119,0.7138855542216886,0.7130852340936374,-0.0008003201280512018,0.9327731092436975,0.9327731092436975,0.0,0.7536661723512934,0.7615752183226231,0.007909045971329687,0.7647058823529411,0.7647058823529411,0.0
00335_UAV_outdoor5,79,0.7950572634116937,0.7914406268836648,-0.003616636528028905,1.0,1.0,0.0,0.8560436832961031,0.8543062794738149,-0.0017374038222882637,0.9620253164556962,0.9746835443037974,0.012658227848101222
dvSave-2021_02_14_16_29_49_car2,77,0.6666666666666666,0.6685219542362398,0.0018552875695732052,1.0,1.0,0.0,0.9592564298446651,0.961038961038961,0.0017825311942959443,1.0,1.0,0.0
dvSave-2021_02_06_09_16_35_car,169,0.601577909270217,0.5984784446322907,-0.003099464637926319,0.9289940828402367,0.9289940828402367,0.0,0.7626174730247127,0.7652859960552266,0.002668523030513903,0.7988165680473372,0.8106508875739645,0.01183431952662728
dvSave-2021_02_14_17_02_37_roadflag,161,0.7947352854185153,0.7979887607216801,0.0032534753031647767,1.0,1.0,0.0,0.8722445499939107,0.8748020947509437,0.00255754475703307,1.0,0.9937888198757764,-0.006211180124223614
traffic_0046,655,0.2905852417302799,0.29167575427117415,0.0010905125408942618,0.35877862595419846,0.35877862595419846,0.0,0.3088759167789253,0.3113905104026343,0.0025145936237090383,0.3526717557251908,0.3526717557251908,0.0
dvSave-2021_02_14_16_31_07_blackcar2,83,0.8152610441767068,0.8307515777395293,0.015490533562822595,1.0,1.0,0.0,0.8729033782187573,0.885896527285613,0.01299314906685567,0.9879518072289156,1.0,0.012048192771084376
00345_UAV_outdoor6,88,0.7088744588744589,0.7196969696969697,0.010822510822510845,0.9886363636363636,0.9886363636363636,0.0,0.7990196078431374,0.8074866310160428,0.008467023172905375,0.8977272727272727,0.9090909090909091,0.011363636363636354
dvSave-2021_02_15_10_22_23_basketball,378,0.2130259511211892,0.21428571428571427,0.001259763164525085,0.31746031746031744,0.31746031746031744,0.0,0.22408963585434175,0.226890756302521,0.0028011204481792618,0.25925925925925924,0.26455026455026454,0.005291005291005291
00351_UAV_outdoor6,88,0.8896103896103897,0.8955627705627707,0.005952380952380931,1.0,1.0,0.0,0.9356060606060607,0.9371657754010695,0.0015597147950088264,1.0,1.0,0.0
traffic_0034,500,0.1897142857142857,0.18990476190476188,0.00019047619047618536,0.242,0.242,0.0,0.2083137254901961,0.20807843137254906,-0.00023529411764705577,0.226,0.226,0.0
dvSave-2021_02_06_09_13_36_person0,280,0.5037414965986395,0.5229591836734693,0.019217687074829737,0.65,0.6785714285714286,0.02857142857142858,0.5311624649859944,0.5467086834733893,0.015546218487394903,0.575,0.5892857142857143,0.014285714285714346
dvSave-2021_02_14_16_37_15_motor2,81,0.8847736625514403,0.885949441504997,0.0011757789535566943,1.0,1.0,0.0,0.9281045751633986,0.9273783587509077,-0.000726216412490932,1.0,1.0,0.0
00439_UAV_outdoor6,89,0.7121455323702515,0.49170679507758164,-0.22043873729266983,0.9325842696629213,0.6404494382022472,-0.2921348314606741,0.7755012117206431,0.5380039656311962,-0.2374972460894469,0.9213483146067416,0.6404494382022472,-0.2808988764044944
traffic_0037,149,0.7778843080856502,0.7737296260786192,-0.004154682007031063,1.0,1.0,0.0,0.8888011580471115,0.8853796552177918,-0.0034215028293196337,0.9865771812080537,0.9731543624161074,-0.01342281879194629
dvSave-2021_02_06_17_53_39_personFootball,1136,0.27636653252850435,0.2739771965124078,-0.0023893360160965327,0.41813380281690143,0.4137323943661972,-0.004401408450704247,0.291614885390776,0.29095898922949465,-0.0006558961612813663,0.323943661971831,0.3204225352112676,-0.0035211267605633756
basketball_0078,2831,0.5831861533027198,0.5449193453432238,-0.038266807959495996,0.7265983751324621,0.6799717414341222,-0.04662663369833986,0.6450225445176305,0.6024753949619409,-0.04254714955568961,0.7085835393853762,0.6605439773931473,-0.04803956199222892
dvSave-2021_02_15_12_53_54_personHead,460,0.8318840579710144,0.8327122153209109,0.0008281573498964967,0.9978260869565218,0.9978260869565218,0.0,0.9172634271099744,0.9170076726342711,-0.0002557544757033625,0.9978260869565218,0.9978260869565218,0.0
00453_UAV_outdoor6,89,0.8421615837346175,0.8448368111289459,0.002675227394328461,1.0,1.0,0.0,0.9107732980832783,0.9151795549680547,0.004406256884776361,1.0,1.0,0.0
00340_UAV_outdoor6,88,0.7451298701298702,0.7435064935064934,-0.0016233766233767488,1.0,1.0,0.0,0.8634135472370766,0.8504901960784313,-0.012923351158645291,1.0,0.9772727272727273,-0.022727272727272707
traffic_0070,1536,0.39822048611111116,0.3677765376984127,-0.030443948412698485,0.6139322916666666,0.5625,-0.05143229166666663,0.4556781045751634,0.4163475285947712,-0.03933057598039219,0.5143229166666666,0.4713541666666667,-0.042968749999999944
00478_UAV_outdoor6,88,0.8095238095238096,0.8079004329004329,-0.0016233766233767488,1.0,1.0,0.0,0.8765597147950089,0.8743315508021391,-0.002228163992869847,1.0,1.0,0.0
dvSave-2021_02_06_18_04_18_person3,242,0.795159386068477,0.7963400236127508,0.001180637544273777,0.987603305785124,0.987603305785124,0.0,0.8701993193971802,0.870118295251985,-8.102414519517431e-05,0.9669421487603306,0.9710743801652892,0.004132231404958664
00473_UAV_outdoor6,88,0.8170995670995673,0.819805194805195,0.0027056277056276556,1.0,1.0,0.0,0.8977272727272727,0.8968360071301247,-0.0008912655971480277,1.0,1.0,0.0
dvSave-2021_02_14_16_31_07_whitecar4,46,0.922360248447205,0.9233954451345755,0.0010351966873705098,1.0,1.0,0.0,0.963768115942029,0.9624893435635125,-0.0012787723785165905,1.0,1.0,0.0
dvSave-2021_02_06_08_56_40_windowPattern2,178,0.7795612627073302,0.7763509898341358,-0.0032102728731944197,1.0,1.0,0.0,0.9006389072482925,0.9035029742233973,0.002864066975104773,1.0,1.0,0.0
dvSave-2021_02_06_09_33_23_person5,176,0.7383658008658008,0.8639069264069266,0.12554112554112573,0.8352272727272727,0.9886363636363636,0.15340909090909094,0.7769607843137254,0.9124331550802139,0.13547237076648855,0.8352272727272727,0.9886363636363636,0.15340909090909094
video_0070,631,0.8433325786733076,0.844238170704098,0.0009055920307904364,0.9920760697305864,0.9920760697305864,0.0,0.8919859544451695,0.8955284173891426,0.0035424629439730904,0.9873217115689382,0.9857369255150554,-0.0015847860538827918
dvSave-2021_02_14_16_56_59_car2,199,0.37138071308925585,0.5477386934673366,0.17635798037808076,0.7989949748743719,0.9798994974874372,0.18090452261306533,0.35008375209380227,0.5515814365947384,0.20149768450093608,0.36180904522613067,0.5879396984924623,0.22613065326633164
