sequence,frames,SR_AUC,PR_at_20,NPR_AUC,NP_at_020
10runone,304,0.7955827067669171,0.9967105263157895,0.850296697626419,0.9769736842105263
11leftboy,152,0.7788220551378446,0.9473684210526315,0.8326883384932919,0.9342105263157895
11runtwo,295,0.6765133171912834,0.8440677966101695,0.7161183117314723,0.8169491525423729
1blackteacher,851,0.3751888534497231,0.4394829612220917,0.4014884449667058,0.4394829612220917
1boycoming,174,0.7939244663382593,1.0,0.9152580572458869,1.0
1stcol4thboy,3377,0.022251364270908243,0.02576251110453065,0.016158906559366415,0.01599052413384661
1strowleftboyturning,732,0.03844652615144418,0.04644808743169399,0.0364566591663988,0.03551912568306011
1strowrightdrillmaster,3817,0.6236011826789924,0.9834948912758711,0.6642985200367807,0.7388001047943411
1strowrightgirl3540,3540,0.20781544256120524,0.257909604519774,0.20224327018943167,0.21412429378531073
2girl,222,0.7340197340197342,0.9819819819819819,0.7559618441971385,0.8648648648648649
2girlup,238,0.0628251300520208,0.1134453781512605,0.07175811501071017,0.07142857142857142
2runseven,270,0.8072310405643738,1.0,0.8862745098039216,0.9888888888888889
3bike1,117,0.6821326821326821,0.9914529914529915,0.7606837606837606,0.8547008547008547
3men,181,0.7653249144961852,0.9723756906077348,0.8332791680207995,0.9502762430939227
3pinkleft,234,0.7541717541717541,0.9572649572649573,0.8278867102396514,0.9230769230769231
3rdfatboy,331,0.704215220831535,0.9063444108761329,0.7543984361116045,0.8308157099697885
3rdgrouplastboy,832,0.43349358974358976,0.6899038461538461,0.48824000754147817,0.5348557692307693
3thmoto,104,0.7770146520146523,0.875,0.7965686274509806,0.8653846153846154
4men,414,0.26109960892569584,0.35507246376811596,0.29345457989959267,0.3285024154589372
4thboywithwhite,315,0.2143613000755858,0.2634920634920635,0.21898537192654838,0.24126984126984127
7rightorangegirl,487,0.42505133470225853,0.5462012320328542,0.4442968152353343,0.4989733059548255
AQgirlwalkinrain,372,0.43599590373783925,0.6021505376344086,0.4903542061986085,0.5967741935483871
AQtruck2north,95,0.8200501253132833,1.0,0.8660474716202269,1.0
ab_bikeoccluded,353,0.0623229461756374,0.1954674220963173,0.17458201410875962,0.17847025495750707
ab_blkskirtgirl,488,0.5750390320062453,0.6967213114754098,0.6087270973963356,0.6700819672131147
ab_bolstershaking,3247,0.41397920424714385,0.4271635355712966,0.41701238549007535,0.42192793347705576
ab_girlchoosesbike,696,0.7010810071154898,0.9913793103448276,0.7547610998422358,0.9008620689655172
ab_girlcrossroad,388,0.6384388807069219,0.9407216494845361,0.7822922983626439,0.8943298969072165
ab_pingpongball2,194,0.04639175257731958,0.061855670103092786,0.0436628259551243,0.05154639175257732
ab_rightlowerredcup_quezhen,1806,0.22804935927859515,0.22868217054263565,0.2082383340933272,0.19601328903654486
ab_whiteboywithbluebag,518,0.33462033462033464,0.3803088803088803,0.36032250738133076,0.40733590733590735
advancedredcup,1411,0.5665012993149067,0.595322466335932,0.581870735537305,0.595322466335932
baggirl,111,0.5963105963105964,0.6936936936936937,0.6369899311075781,0.7297297297297297
ballshootatthebasket3times,1505,0.3636133523176713,0.49900332225913624,0.40104227737606674,0.4604651162790698
basketball849,849,0.03455045151158226,0.16725559481743227,0.15136608235756024,0.1519434628975265
basketballathand,64,0.27380952380952384,0.3125,0.22794117647058823,0.1875
basketboy,85,0.6862745098039215,0.9764705882352941,0.7160322952710496,0.8352941176470589
bawgirl,280,0.8146258503401361,1.0,0.8836834733893557,0.9928571428571429
belowdarkgirl,199,0.6496769562096195,0.8743718592964824,0.6945511873090945,0.8090452261306532
besom3,1223,0.5862243507378422,0.4570727718724448,0.5758741763262951,0.6116107931316435
bike,651,0.7888230561041619,0.9861751152073732,0.8728652751423152,0.9738863287250384
bike2left,257,0.783768760422457,0.8754863813229572,0.8340581368734262,0.8871595330739299
bike2trees,146,0.6027397260273972,0.6712328767123288,0.5969648133225892,0.6438356164383562
bikeboy,113,0.777496839443742,0.911504424778761,0.8221412458788824,0.8849557522123894
bikeboyintodark,826,0.3792805257696299,0.2736077481840194,0.3667331339315387,0.3498789346246973
bikeboyright,467,0.7380442541042113,0.9593147751605996,0.7660074736532727,0.8736616702355461
bikeboyturn,155,0.6135176651305683,1.0,0.6421252371916509,0.6064516129032258
bikeboyturntimes,243,0.8757593572408389,0.9711934156378601,0.9126926490760914,0.9711934156378601
bikeboywithumbrella,220,0.7285714285714286,0.8636363636363636,0.7766488413547239,0.8409090909090909
bikefromlight,172,0.5105204872646733,0.6453488372093024,0.5442316461468308,0.6104651162790697
bikegoindark,284,0.24211938296445337,0.2992957746478873,0.25787075393537695,0.2746478873239437
bikeinrain,140,0.7282312925170068,1.0,0.811484593837535,0.9857142857142858
biketurnright,131,0.06470374409305704,0.0916030534351145,0.04969315970663074,0.05343511450381679
blackboy,432,0.7994929453262787,0.9537037037037037,0.8433188090050837,0.9537037037037037
blackboyoncall,295,0.8611783696529459,1.0,0.9074775672981057,0.9966101694915255
blackcarturn,126,0.7339380196523054,0.9920634920634921,0.8907563025210085,1.0
blackdown,62,0.738863287250384,1.0,0.7963314358001266,0.9354838709677419
blackgirl,217,0.6730305025235902,0.8571428571428571,0.7459112677328997,0.8663594470046083
blkboy`shead,12862,0.5216436753522743,0.6373814336806095,0.5469173519197759,0.6286736121909501
blkboyback,171,0.7599554441659705,0.8421052631578947,0.812980162825364,0.9181286549707602
blkboybetweenredandwhite,302,0.6285083569851783,0.7913907284768212,0.6460849240358395,0.7052980132450332
blkboydown,82,0.516260162601626,0.6951219512195121,0.5700621712099475,0.6219512195121951
blkboyhead,556,0.16127098321342928,0.20503597122302158,0.17460149527436872,0.20323741007194246
blkboylefttheNo_21,6983,0.3134755835600744,0.377058570814836,0.3373823824245436,0.36689102105112414
blkboystand,1436,0.33044833532298706,0.37395543175487467,0.3334562237151128,0.3649025069637883
blkboytakesumbrella,340,0.8242296918767507,0.9882352941176471,0.8888696655132641,0.9882352941176471
blkcaratfrontbluebus,764,0.6530167040638245,0.9345549738219895,0.6748023816856586,0.7447643979057592
blkgirlumbrella,342,0.6798941798941799,0.9093567251461988,0.7438367159729387,0.8771929824561403
blkhairgirltakingblkbag,564,0.3796014859844647,0.42021276595744683,0.40164789319983313,0.4627659574468085
blkmoto2north,187,0.6139546727782021,0.7647058823529411,0.6506238859180036,0.7219251336898396
blkstandboy,190,0.8526315789473684,0.9947368421052631,0.8921568627450981,1.0
blktribikecome,142,0.829309188464118,0.9788732394366197,0.8860811930405963,0.9366197183098591
blueboy,330,0.7965367965367963,0.9181818181818182,0.8398098633392752,0.9181818181818182
blueboy421,421,0.6990159484221241,0.9144893111638955,0.7433282101439151,0.8266033254156769
bluebuscoming,1437,0.7902044603505981,0.9102296450939458,0.8351549388022429,0.918580375782881
bluegirlbiketurn,222,0.3785928785928786,0.527027027027027,0.38782900547606425,0.40540540540540543
bottlebetweenboy`sfeet,506,0.05561829474872953,0.04940711462450593,0.03634813609238161,0.041501976284584984
boy2basketballground,206,0.4914470642625983,0.7427184466019418,0.49638301922710837,0.529126213592233
boy2buildings,1788,0.525114520080963,0.6661073825503355,0.5546892134930035,0.639261744966443
boy2trees,203,0.7541637344593011,0.9064039408866995,0.8117453878102964,0.9014778325123153
boy2treesfindbike,1083,0.5327793167128347,0.7082179132040628,0.5816812412869118,0.6731301939058172
boy`headwithouthat,851,0.3100553970119187,0.45593419506462984,0.34900117508813155,0.408930669800235
boy`sheadingreycol,269,0.16781731279872542,0.32342007434944237,0.14243020628325678,0.13011152416356878
boyaftertree,102,0.6928104575163399,0.8725490196078431,0.7474048442906576,0.8431372549019608
boyaroundtrees,2469,0.6081891646897721,0.7825030376670717,0.65033870980551,0.7274200081004455
boyatdoorturnright,494,0.28272604588394057,0.31376518218623484,0.27490672382313247,0.2874493927125506
boydownplatform,751,0.7309618920804007,0.9360852197070573,0.7685700112268609,0.8535286284953395
boyfromdark,285,0.8342522974101924,0.9929824561403509,0.8884760921912624,0.9929824561403509
boyinlight,319,0.767577250335871,1.0,0.8216239473845965,0.9592476489028213
boyinplatform,975,0.6715995115995116,0.9343589743589743,0.709683257918552,0.7938461538461539
boyinsnowfield3,1418,0.8205050708576801,0.9280677009873061,0.8517105008434969,0.9203102961918195
boyleftblkrunning2crowd,426,0.5701989716074224,0.8262910798122066,0.6602227745558317,0.755868544600939
boylefttheNo_9boy,4921,0.7700525444886347,0.8742125584230848,0.8506002685569252,0.914651493598862
boyoncall,310,0.7600614439324117,0.7193548387096774,0.8346616065781152,0.9903225806451613
boyplayphone,436,0.5812581913499345,0.7408256880733946,0.599568267674042,0.6536697247706422
boyride2path,1840,0.2990942028985507,0.4076086956521739,0.34408567774936055,0.37717391304347825
boyruninsnow,182,0.8485086342229199,1.0,0.9506571859513036,1.0
boyscomeleft,464,0.42046387520525436,0.521551724137931,0.4419371196754564,0.47198275862068967
boyshead9684,9684,0.6731919120394958,0.8278603882693102,0.716992249192118,0.815365551425031
boyss,375,0.3883174603174603,0.5626666666666666,0.3957647058823529,0.4026666666666667
boytakingbasketballfollowing,1432,0.3271481777068369,0.3729050279329609,0.3410148975791434,0.3812849162011173
boytakingplate2left,262,0.7062886223191567,0.8625954198473282,0.7685226762460711,0.8702290076335878
boyunder2baskets,613,0.15147984152878116,0.12234910277324633,0.12602757252982758,0.11256117455138662
boywaitgirl,965,0.767826301505058,0.9792746113989638,0.8149954282231026,0.9481865284974094
boywalkinginsnow2,658,0.8216818642350557,0.9696048632218845,0.8919184695154655,0.9741641337386018
broom,9538,0.5905950134299894,0.5467603271126023,0.6559397086576296,0.7407213252254141
carbehindtrees,114,0.7059314954051796,1.0,0.8324733402132782,0.9912280701754386
carcomeonlight,101,0.8585572842998584,1.0,0.9077848961366723,1.0
carcomingfromlight,391,0.2903422238460602,0.2915601023017903,0.28313524898450426,0.29411764705882354
carcominginlight,155,0.5164362519201229,0.6258064516129033,0.5769765970904491,0.6193548387096774
carlight2,70,0.8115646258503404,1.0,0.8490196078431372,0.9857142857142858
carlightcome2,93,0.8064516129032258,0.989247311827957,0.9175627240143369,1.0
caronlight,86,0.8023255813953486,1.0,0.8606931144550842,0.9883720930232558
carturn117,117,0.8864468864468865,1.0,0.9369867605161722,1.0
carwillturn,481,0.15236115236115239,0.1392931392931393,0.1372549019607843,0.14137214137214138
catbrown2,91,0.8848770277341707,1.0,0.9297565179918122,1.0
catbrownback2bush,1343,0.7932489451476793,0.9583023082650782,0.8486998671397079,0.9672375279225615
couple,101,0.42102781706742093,0.5841584158415841,0.4585517375266939,0.5148514851485149
darkcarturn,84,0.9172335600907028,0.9642857142857143,0.9512138188608776,1.0
darkgirl,613,0.8108444030140606,0.9836867862969005,0.8701979976329846,0.967373572593801
darkouterwhiteboy,749,0.29563227160022876,0.5220293724966623,0.28610696615094633,0.26702269692923897
darktreesboy,503,0.5979361923695921,0.7117296222664016,0.6178614586987877,0.6898608349900597
drillmaster1117,1117,0.38986230123204163,0.4691136974037601,0.41139607140976364,0.459265890778872
drillmasterfollowingatright,982,0.48293085054795837,0.6171079429735234,0.5067289644982229,0.570264765784114
farfatboy,254,0.6289838770153732,0.8858267716535433,0.6850393700787403,0.7992125984251969
firstexercisebook,1160,0.19548440065681444,0.20344827586206896,0.18504056795131846,0.16724137931034483
foamatgirl`srighthand,193,0.5630397236614852,0.8341968911917098,0.6542720715229098,0.7046632124352331
foldedfolderatlefthand,1146,0.3392337737887476,0.3307155322862129,0.34110118742086715,0.3656195462478185
girl2left3man1,151,0.3828445285398927,0.5629139072847682,0.4170886897805478,0.48344370860927155
girl`sblkbag,571,0.07505629221916439,0.36952714535901926,0.10260636653961061,0.06129597197898424
girlafterglassdoor,1130,0.8610619469026547,0.9530973451327434,0.9218983168488635,0.9991150442477876
girldownstairfromlight,1217,0.4893766874046249,0.8027937551355793,0.581935650184478,0.6327033689400164
girlfromlight_quezhen,1033,0.8198036232886183,0.9486931268151017,0.8633904675132396,0.9273959341723137
girlinrain,312,0.8377594627594628,1.0,0.885306686777275,0.9967948717948718
girllongskirt,304,0.3453947368421053,0.6381578947368421,0.2752837977296182,0.2236842105263158
girlof2leaders,986,0.6085675649570172,0.7494929006085193,0.6261782603507936,0.6866125760649088
girlrightthewautress,308,0.48685837971552265,0.6396103896103896,0.5261013496307614,0.6233766233766234
girlunderthestreetlamp,2858,0.705888233529941,1.0,0.7891848131834959,0.9111266620013996
guardunderthecolumn,282,0.7744005403579871,0.950354609929078,0.8246419135029899,0.9219858156028369
hugboy,542,0.8011772974872606,0.9870848708487084,0.8568844511974533,0.9612546125461254
hyalinepaperfrontface,4317,0.2898728173224351,0.2962705582580496,0.24598600153519826,0.21820708825573315
large,1475,0.5647780468119451,0.6372881355932203,0.6058889996676637,0.6888135593220339
lastleftgirl,1116,0.05948114012630141,0.07616487455197132,0.05957902874411414,0.06630824372759857
leftblkTboy,3650,0.45283757338551855,0.6156164383561644,0.5368520010744023,0.58
leftbottle2hang,3991,0.1924329741919319,0.23127035830618892,0.15848404007055092,0.13931345527436734
leftboy2jointhe4,1244,0.171719491655183,0.2805466237942122,0.19092427967971753,0.18971061093247588
leftboyoutofthetroop,744,0.39573732718894017,0.44623655913978494,0.4020398481973434,0.4314516129032258
leftchair,1400,0.5422448979591836,0.4357142857142857,0.5098179271708684,0.5421428571428571
lefterbike,566,0.4786303213865051,0.5547703180212014,0.5560174599875286,0.5901060070671378
leftexcersicebookyellow,1102,0.5138708841068188,0.45462794918330307,0.5313511974662823,0.5117967332123412
leftfarboycomingpicktheball,903,0.0904920107577915,0.10852713178294573,0.09206783488589232,0.10409745293466224
leftgirl'swhitebag,251,0.14228799089356858,0.3107569721115538,0.1899851574095774,0.11155378486055777
lefthyalinepaper2rgb,1905,0.25186851643544556,0.2026246719160105,0.22068859039678865,0.2293963254593176
lefthyalinepaperfrontpants,1802,0.5026954177897573,0.4794672586015538,0.49136036212487205,0.5155382907880133
leftmirror,1879,0.6800476443903799,0.7200638637573177,0.7080320153606945,0.7647684938797232
leftmirrorlikesky,2265,0.3942394617891306,0.4401766004415011,0.41720122927758296,0.4401766004415011
leftmirrorside,1732,0.34595293082591005,0.4445727482678984,0.36856405379703844,0.4122401847575058
leftopenexersicebook,170,0.5016806722689074,0.47058823529411764,0.42226066897347175,0.4176470588235294
leftpingpongball,66,0.05699855699855699,0.15151515151515152,0.08585858585858588,0.09090909090909091
leftrushingboy,148,0.22265122265122264,0.27702702702702703,0.23516163222045577,0.25675675675675674
leftunderbasket,986,0.13010721529991304,0.1075050709939148,0.1099311935727638,0.11764705882352941
leftuphand,1981,0.7259681257662075,0.845532559313478,0.7676851659391672,0.8525996971226654
littelbabycryingforahug,1676,0.6913285600636436,0.9445107398568019,0.7375052646356873,0.8400954653937948
lowerfoamboard,33,0.6623376623376624,0.7878787878787878,0.6827094474153299,0.7272727272727273
mandownstair,1096,0.7910583941605841,0.9370437956204379,0.8551953628166596,0.9361313868613139
manfromtoilet,408,0.7726423902894491,1.0,0.8163687043444828,0.9877450980392157
mangetsoff,254,0.5641169853768279,0.6732283464566929,0.5960321136328548,0.6692913385826772
manoncall,521,0.652042774883466,0.8330134357005758,0.693161717662113,0.7504798464491362
mansimiliar,273,0.7467294610151752,0.9597069597069597,0.7891259067729655,0.8791208791208791
mantostartcar,123,0.762291908633372,1.0,0.809660449545672,0.959349593495935
midblkgirl,353,0.7049777418049372,0.9546742209631728,0.72560128867411,0.8555240793201133
midboyNo_9,7258,0.6774659160991484,0.8425186001653348,0.7332976728856325,0.81220721961973
middrillmaster,664,0.11524670109007457,0.125,0.1127450980392157,0.12349397590361445
midgreyboyrunningcoming,3226,0.5441797301685708,0.7662740235585865,0.6261441960541191,0.7141971481711097
midof3girls,439,0.5517952055537476,0.6788154897494305,0.5504488811469919,0.5876993166287016
midredboy,7309,0.6554541367785314,0.7981940073881516,0.6956344447753106,0.7560541797783554
midrunboywithwhite,442,0.4034690799396681,0.5746606334841629,0.4378937095200071,0.47737556561085975
minibus,78,0.8601953601953602,1.0,0.902463549522373,1.0
minibusgoes2left,214,0.3756119270137962,0.40186915887850466,0.35807220084295405,0.3691588785046729
moto,254,0.7542182227221598,0.9803149606299213,0.8979465802068859,1.0
motocomeonlight,84,0.7602040816326531,1.0,0.830765639589169,0.9880952380952381
motogoesaloongS,127,0.7911511061117361,1.0,0.8718542535124286,0.984251968503937
mototaking2boys306,306,0.47665732959850604,0.5816993464052288,0.5130718954248367,0.565359477124183
mototurneast,122,0.8181108508977363,1.0,0.8719061395049824,1.0
motowithbluetop,95,0.850125313283208,1.0,0.9283797729618163,1.0
pingpingpad3,808,0.7904879773691653,0.9504950495049505,0.8405892059794214,0.9282178217821783
pinkwithblktopcup,1270,0.4374578177727785,0.5401574803149606,0.43802686428902277,0.46614173228346456
raincarturn,334,0.5034217279726262,0.6077844311377245,0.5078079135845954,0.592814371257485
rainycarcome_ab,157,0.7955717318774647,0.9681528662420382,0.8548769826401896,0.9681528662420382
redboygoright,150,0.6911111111111111,0.8933333333333333,0.7483660130718952,0.86
redcarcominginlight,262,0.8451472191930207,0.9541984732824428,0.9202215237239935,1.0
redetricycle,104,0.5934065934065933,0.5480769230769231,0.6726998491704372,0.7884615384615384
redmidboy,662,0.5340238814559056,0.6827794561933535,0.5324921509389254,0.5709969788519638
redroadlatboy,730,0.34761904761904755,0.4712328767123288,0.4020413644910018,0.4520547945205479
redtricycle,168,0.8321995464852607,1.0,0.8898225957049486,1.0
right2ndflagformath,1750,0.20179591836734698,0.30857142857142855,0.24281232492997204,0.26171428571428573
right5thflag,1916,0.4544189283228949,0.6440501043841336,0.48855868025707155,0.5589770354906054
rightbike,225,0.6389417989417988,0.8577777777777778,0.7057080610021785,0.7777777777777778
rightbike-gai,416,0.7027243589743589,0.8942307692307693,0.7169588989441932,0.7403846153846154
rightblkboy4386,4386,0.5015525590080994,0.4849521203830369,0.5425730711801363,0.579343365253078
rightblkboystand,279,0.725721112817887,0.8028673835125448,0.7411624147867033,0.8172043010752689
rightblkfatboyleftwhite,386,0.5419442388354305,0.6787564766839378,0.5807172609976632,0.6658031088082902
rightbluewhite,353,0.6593821664643195,0.8810198300283286,0.6696661667499862,0.7450424929178471
rightbottlecomes,1388,0.3336764100452862,0.44812680115273773,0.3183307905294683,0.29971181556195964
rightboy504,504,0.6976568405139835,0.9345238095238095,0.7458372237784003,0.8452380952380952
rightcameraman,1050,0.4792290249433107,0.5895238095238096,0.49430438842203556,0.5552380952380952
rightcar-chongT,561,0.12418300653594774,0.11051693404634581,0.09996155324875046,0.09803921568627451
rightcomingstrongboy,604,0.4108325449385052,0.4586092715231788,0.40153876119984416,0.46357615894039733
rightdarksingleman,1133,0.399739419156895,0.7131509267431597,0.5202049045567035,0.5975286849073257
rightgirltakingcup,668,0.09552323923581409,0.12874251497005987,0.08823529411764704,0.09730538922155689
rightwaiter1_quezhen,308,0.5674087816944959,0.5681818181818182,0.5935828877005347,0.6493506493506493
runningcameragirl,386,0.5951147298297558,0.8212435233160622,0.6283653357716145,0.7020725388601037
shinybikeboy2left,832,0.5054372710622711,0.7103365384615384,0.5852187028657617,0.6526442307692307
shinycarcoming,359,0.44820267940045105,0.49303621169916434,0.47304604292970664,0.5069637883008357
shinycarcoming2,602,0.34124347413383954,0.3372093023255814,0.3760667057520683,0.4069767441860465
silvercarturn,201,0.9085524757166549,1.0,0.9442005657984587,1.0
small-gai,662,0.7876564523090201,0.8867069486404834,0.8391386766186838,0.8972809667673716
standblkboy,683,0.8049222617304608,0.9751098096632503,0.8593000889960671,0.9765739385065886
swan_0109,664,0.7550917957544464,1.0,0.8174167257264353,0.8885542168674698
truckgonorth,152,0.7572055137844613,0.9276315789473685,0.8053405572755419,0.9144736842105263
turning1strowleft2ndboy,1171,0.5258427880118742,0.7079419299743809,0.5307345824751762,0.5960717335610589
umbreboyoncall,192,0.7490079365079365,0.875,0.797794117647059,0.8229166666666666
umbrella,319,0.5450067174205104,0.8244514106583072,0.613129264244883,0.6802507836990596
umbrellabyboy,475,0.6637593984962405,0.9052631578947369,0.7371310629514966,0.8063157894736842
umbrellawillbefold,566,0.643866733972741,0.7243816254416962,0.6837455830388695,0.7420494699646644
umbrellawillopen,490,0.7131195335276967,0.7571428571428571,0.7447378951580632,0.8469387755102041
waitresscoming,680,0.7040616246498599,0.9823529411764705,0.8751441753171858,0.9838235294117647
whitebikebelow,566,0.6063435975096753,0.911660777385159,0.68852629390979,0.7862190812720848
whiteboyrightcoccergoal,691,0.41582247949831164,0.487698986975398,0.4457308248914617,0.48480463096960924
whitecarcomeinrain,84,0.8248299319727892,0.9404761904761905,0.8590102707749767,0.9404761904761905
whitecarturn683,683,0.4857421738827302,0.5241581259150805,0.4980621824132288,0.5387994143484627
whitecarturnleft,57,0.8162071846282373,1.0,0.9377364981080151,1.0
whitecarturnright,103,0.5815996301433194,0.7087378640776699,0.6337331048924425,0.7378640776699029
whitefardown,67,0.6687988628287137,0.9552238805970149,0.6959321041849577,0.746268656716418
whitefargirl,155,0.46420890937019976,0.567741935483871,0.458191018342821,0.5161290322580645
whitegirlinlight,589,0.7534966448379012,0.9592529711375212,0.8193348646759212,0.9083191850594228
whitegirltakingchopsticks,549,0.27053517217451645,0.3333333333333333,0.28722454373370476,0.31876138433515483
whiteofboys,203,0.6474313863476425,0.8177339901477833,0.6724620882835896,0.7881773399014779
whiteridingbike,425,0.146890756302521,0.17647058823529413,0.15427912341407152,0.17411764705882352
whiterunningboy,346,0.4069639416460225,0.5404624277456648,0.4191884846424119,0.4682080924855491
whiteskirtgirlcomingfromgoal,818,0.18948655256723715,0.22127139364303178,0.1967256340188888,0.21882640586797067
whitesuvturn,137,0.11400764685436215,0.11678832116788321,0.1112065264061829,0.11678832116788321
womanback2car,95,0.775438596491228,0.9578947368421052,0.8319917440660475,0.9368421052631579
yellowgirl118,118,0.3728813559322034,0.4661016949152542,0.37686939182452633,0.4322033898305085
yellowskirt,361,0.7554412346656113,0.8975069252077562,0.8165770463309978,0.9335180055401662
