sequence,Precision,Recall,F_score,best_threshold_index
adapter01_indoor,0.6938732681400368,0.702176912336178,0.6980003953854795,97
backpack_indoor,0.5903580757922428,0.598413644077907,0.5943585661412706,96
bag01_indoor,0.48494396440426957,0.4996392360528838,0.49218193402224375,95
bag02_indoor,0.6702371146118454,0.627223347647996,0.6480172289991283,92
ball01_wild,0.3630862329379745,0.4406297751483459,0.3981172542770526,94
ball06_indoor,0.6376273485078937,0.6935751520677785,0.6644255626213008,99
ball10_wild,0.4312225436986365,0.36854982281386445,0.3974305658158603,92
ball11_wild,0.8033414863505853,0.7886877002803466,0.7959471531428877,96
ball15_wild,0.8471098934632825,0.8625118915262512,0.8547415141251138,77
ball18_indoor,0.8777397361694869,0.8770278629041427,0.8773836551406149,96
ball20_indoor,0.8755639929574892,0.15502359822257933,0.26340911112073195,45
bandlight_indoor,0.7638552148514769,0.7516592072193945,0.75770813773069,97
beautifullight02_indoor,0.849979873976607,0.8482363255171679,0.8491072047014772,88
book03_indoor,0.329872539072018,0.329872539072018,0.329872539072018,99
bottle04_indoor,0.5909968615316588,0.5559910316954476,0.5729597613227765,93
card_indoor,0.1775968781964477,0.1775968781964477,0.1775968781964477,99
cat01_indoor,0.8534039428236662,0.8461766059095092,0.8497749075165405,92
colacan03_indoor,0.6066361087572921,0.12183638874921635,0.20291871835615863,76
cube02_indoor,0.25575788781703773,0.2692336827337424,0.26232283292832037,99
cube03_indoor,0.5340597767498475,0.5484452252818299,0.541156916640211,99
cube05_indoor,0.04887769175701175,0.05091426224688724,0.04987519567042016,99
cup01_indoor,0.7483975749740662,0.7579277313595039,0.7531325056679848,98
cup02_indoor,0.4293982948551117,0.4293982948551117,0.4293982948551117,99
cup04_indoor,0.8208563038948307,0.8318566887436986,0.8263198872808646,95
cup12_indoor,0.3767438787556662,0.39769605669275987,0.3869365411211845,99
developmentboard_indoor,0.24456720377898225,0.2688654572861814,0.25614137185905755,99
duck03_wild,0.8423458929956052,0.8285369439301036,0.8353843566898564,85
dumbbells01_indoor,0.7504204761367953,0.7401306752886904,0.7452400586486715,95
earphone01_indoor,0.5436952014430193,0.542697595568812,0.5431959404683243,98
file01_indoor,0.7544838593007076,0.659067948655029,0.7035555777213053,73
flag_indoor,0.8655274834525465,0.8642648613030898,0.8648957115668147,96
glass01_indoor,0.7783466436245849,0.7699509944349265,0.7741260563116636,97
hand01_indoor,0.4083249185675641,0.4271868053106338,0.41754295602686525,99
human02_indoor,0.7825954368543703,0.7590994999511212,0.7706684255072345,91
lock02_indoor,0.8826704775796003,0.8809762924019043,0.88182257126108,94
mobilephone03_indoor,0.36314575383420855,0.2201879231392939,0.27414947050019123,73
notebook01_indoor,0.4317817744528076,0.44091518057555334,0.43630068365691854,97
pigeon01_wild,0.8272996545609315,0.8260611820241636,0.8266799544451554,96
pigeon02_wild,0.8438371993987844,0.8047189186319533,0.8238139438198303,91
pigeon04_wild,0.8433575877445203,0.772586321640085,0.8064222189381909,95
pot_indoor,0.7611481055369055,0.8272943913301983,0.7928440090519321,88
roller_indoor,0.6197474417871036,0.7713472006242567,0.687286744901668,93
shoes02_indoor,0.4343171533876464,0.4410144109572323,0.43764016144723056,99
squirrel_wild,0.767038625866027,0.7401963409735786,0.7533784668516833,94
stick_indoor,0.7753517951100036,0.7727615329882552,0.7740544970702211,98
toiletpaper01_indoor,0.7762632341652069,0.7822498400842188,0.7792450391620003,97
toy02_indoor,0.785701885734771,0.7815666126519564,0.7836287936879774,96
toy09_indoor,0.5732687999674766,0.5557806892541831,0.5643893058992233,95
ukulele01_indoor,0.5100732832753255,0.44916901064543596,0.4776876779880033,92
yogurt_indoor,0.659278977150721,0.659278977150721,0.659278977150721,99
